2026-08-05 13:24:48,274 [INFO] [MainThread] [root/log.py:104]: YASB v2.0.5
2026-08-05 13:24:48,275 [INFO] [CLIPipeServer] [cli_server/cli_server.py:216]: CLI server started v1.1.7
2026-08-05 13:24:48,275 [INFO] [MainThread] [cli_server/cli_server.py:106]: Log pipe server started
2026-08-05 13:24:59,418 [INFO] [MainThread] [root/welcome.py:867]: Created config file at C:\Users\arvit\.config\yasb\config.yaml
2026-08-05 13:24:59,418 [INFO] [MainThread] [root/welcome.py:876]: Created styles file at C:\Users\arvit\.config\yasb\styles.css
2026-08-05 13:24:59,584 [INFO] [MainThread] [root/service.py:52]: AudioOutputService starting...
2026-08-05 13:24:59,646 [INFO] [MainThread] [root/bar_manager.py:103]: Starting WindowsNotificationEventListener...
2026-08-05 13:24:59,647 [INFO] [MainThread] [root/bar_manager.py:103]: Starting SystemEventListener...
2026-08-05 13:24:59,648 [INFO] [MainThread] [root/watcher.py:65]: Watching directory: c:\users\arvit\.config\yasb
2026-08-05 13:24:59,648 [INFO] [MainThread] [root/watcher.py:104]: Created file watcher
2026-08-05 13:25:00,073 [INFO] [MainThread] [root/update_service.py:434]: Background update checker started
2026-08-05 13:27:25,055 [INFO] [MainThread] [root/controller.py:43]: Exiting Application from tray...
2026-08-05 13:27:25,160 [INFO] [MainThread] [cli_server/cli_server.py:114]: Log pipe server stopped
2026-08-05 13:27:25,193 [INFO] [MainThread] [root/bar_manager.py:119]: Stopping WindowsNotificationEventListener...
2026-08-05 13:27:25,196 [INFO] [MainThread] [root/bar_manager.py:119]: Stopping SystemEventListener...
2026-08-05 13:27:27,046 [INFO] [MainThread] [root/log.py:104]: YASB v2.0.5
2026-08-05 13:27:27,047 [INFO] [CLIPipeServer] [cli_server/cli_server.py:216]: CLI server started v1.1.7
2026-08-05 13:27:27,047 [INFO] [MainThread] [cli_server/cli_server.py:106]: Log pipe server started
2026-08-05 13:27:27,083 [WARNING] [MainThread] [deprecation/deprecation.py:136]: [DEPRECATED] BarBlurEffect: 'acrylic' - No longer supported and can be removed from the config.
2026-08-05 13:27:27,379 [INFO] [MainThread] [taskbar_window_manager/window_manager.py:178]: TaskbarWindowManager is starting...
2026-08-05 13:27:27,740 [INFO] [SystrayHook] [systray_hook/systray_hook.py:193]: Injecting into Explorer (PID: 19164)
2026-08-05 13:27:27,846 [WARNING] [MainThread] [deprecation/deprecation.py:140]: [DEPRECATED] VolumeConfig: 'volume_icons' renamed to 'icons' - Use 'icons' with the dictionary format instead.
2026-08-05 13:27:27,854 [INFO] [MainThread] [root/service.py:52]: AudioOutputService starting...
2026-08-05 13:27:28,571 [INFO] [MainThread] [root/bar_manager.py:229]: Starting HotkeyListener...
2026-08-05 13:27:28,571 [INFO] [MainThread] [root/bar_manager.py:103]: Starting SystemEventListener...
2026-08-05 13:27:28,571 [INFO] [MainThread] [root/bar_manager.py:103]: Starting WindowsNotificationEventListener...
2026-08-05 13:27:28,572 [INFO] [MainThread] [root/watcher.py:65]: Watching directory: c:\users\arvit\.config\yasb
2026-08-05 13:27:28,572 [INFO] [MainThread] [root/watcher.py:104]: Created file watcher
2026-08-05 13:27:28,582 [INFO] [MainThread] [root/update_service.py:434]: Background update checker started
2026-08-05 13:27:29,127 [INFO] [MainThread] [root/api.py:69]: Fetching new weather data at 2026-08-05 13:27:29.127905
2026-08-05 13:32:08,146 [ERROR] [MainThread] [root/vscode.py:79]: Error: unable to open database file
2026-08-05 13:32:15,013 [INFO] [MainThread] [root/controller.py:43]: Exiting Application from tray...
2026-08-05 13:32:15,114 [INFO] [MainThread] [cli_server/cli_server.py:114]: Log pipe server stopped
2026-08-05 13:32:15,213 [INFO] [MainThread] [root/bar_manager.py:111]: Stopping HotkeyListener...
2026-08-05 13:32:15,215 [INFO] [MainThread] [root/bar_manager.py:119]: Stopping SystemEventListener...
2026-08-05 13:32:15,221 [INFO] [MainThread] [root/bar_manager.py:119]: Stopping WindowsNotificationEventListener...
2026-08-05 13:32:19,565 [INFO] [MainThread] [root/log.py:104]: YASB v2.0.5
2026-08-05 13:32:19,565 [INFO] [CLIPipeServer] [cli_server/cli_server.py:216]: CLI server started v1.1.7
2026-08-05 13:32:19,566 [INFO] [MainThread] [cli_server/cli_server.py:106]: Log pipe server started
2026-08-05 13:32:19,598 [WARNING] [MainThread] [deprecation/deprecation.py:136]: [DEPRECATED] BarBlurEffect: 'acrylic' - No longer supported and can be removed from the config.
2026-08-05 13:32:19,774 [INFO] [MainThread] [taskbar_window_manager/window_manager.py:178]: TaskbarWindowManager is starting...
2026-08-05 13:32:20,168 [WARNING] [MainThread] [deprecation/deprecation.py:140]: [DEPRECATED] VolumeConfig: 'volume_icons' renamed to 'icons' - Use 'icons' with the dictionary format instead.
2026-08-05 13:32:20,177 [INFO] [MainThread] [root/service.py:52]: AudioOutputService starting...
2026-08-05 13:32:20,214 [INFO] [SystrayHook] [systray_hook/systray_hook.py:193]: Injecting into Explorer (PID: 19164)
2026-08-05 13:32:20,574 [INFO] [MainThread] [root/bar_manager.py:229]: Starting HotkeyListener...
2026-08-05 13:32:20,574 [INFO] [MainThread] [root/bar_manager.py:103]: Starting SystemEventListener...
2026-08-05 13:32:20,574 [INFO] [MainThread] [root/bar_manager.py:103]: Starting WindowsNotificationEventListener...
2026-08-05 13:32:20,575 [INFO] [MainThread] [root/watcher.py:65]: Watching directory: c:\users\arvit\.config\yasb
2026-08-05 13:32:20,575 [INFO] [MainThread] [root/watcher.py:104]: Created file watcher
2026-08-05 13:32:20,690 [INFO] [MainThread] [root/update_service.py:434]: Background update checker started
2026-08-05 13:32:21,201 [INFO] [MainThread] [root/api.py:69]: Fetching new weather data at 2026-08-05 13:32:21.201464
2026-08-05 13:42:20,404 [INFO] [MainThread] [root/api.py:69]: Fetching new weather data at 2026-08-05 13:42:20.404184
2026-08-05 13:46:24,705 [INFO] [MainThread] [root/bar_manager.py:111]: Stopping HotkeyListener...
2026-08-05 13:46:24,710 [INFO] [MainThread] [root/bar_manager.py:119]: Stopping SystemEventListener...
2026-08-05 13:46:24,754 [INFO] [MainThread] [root/bar_manager.py:119]: Stopping WindowsNotificationEventListener...
2026-08-05 13:46:24,843 [WARNING] [MainThread] [glazewm_client/client.py:134]: WebSocket error: SocketError.RemoteHostClosedError. Reconnecting...
2026-08-05 13:50:37,733 [INFO] [MainThread] [root/log.py:104]: YASB v2.0.5
2026-08-05 13:50:37,734 [INFO] [CLIPipeServer] [cli_server/cli_server.py:216]: CLI server started v1.1.7
2026-08-05 13:50:37,734 [INFO] [MainThread] [cli_server/cli_server.py:106]: Log pipe server started
2026-08-05 13:50:37,793 [WARNING] [MainThread] [deprecation/deprecation.py:136]: [DEPRECATED] BarBlurEffect: 'acrylic' - No longer supported and can be removed from the config.
2026-08-05 13:50:38,202 [INFO] [MainThread] [taskbar_window_manager/window_manager.py:178]: TaskbarWindowManager is starting...
2026-08-05 13:50:38,702 [INFO] [SystrayHook] [systray_hook/systray_hook.py:193]: Injecting into Explorer (PID: 8828)
2026-08-05 13:50:38,830 [WARNING] [MainThread] [deprecation/deprecation.py:140]: [DEPRECATED] VolumeConfig: 'volume_icons' renamed to 'icons' - Use 'icons' with the dictionary format instead.
2026-08-05 13:50:38,838 [INFO] [MainThread] [root/service.py:52]: AudioOutputService starting...
2026-08-05 13:50:39,617 [INFO] [MainThread] [root/bar_manager.py:229]: Starting HotkeyListener...
2026-08-05 13:50:39,617 [INFO] [MainThread] [root/bar_manager.py:103]: Starting WindowsNotificationEventListener...
2026-08-05 13:50:39,617 [INFO] [MainThread] [root/bar_manager.py:103]: Starting SystemEventListener...
2026-08-05 13:50:39,618 [INFO] [MainThread] [root/watcher.py:65]: Watching directory: c:\users\arvit\.config\yasb
2026-08-05 13:50:39,618 [INFO] [MainThread] [root/watcher.py:104]: Created file watcher
2026-08-05 13:50:39,636 [INFO] [MainThread] [root/update_service.py:434]: Background update checker started
2026-08-05 13:50:39,974 [INFO] [MainThread] [root/api.py:69]: Fetching new weather data at 2026-08-05 13:50:39.974348
2026-08-05 13:52:04,544 [INFO] [SystrayHook] [systray_hook/systray_hook.py:193]: Injecting into Explorer (PID: 4572)
2026-08-05 13:52:04,851 [INFO] [MainThread] [root/bar_helper.py:594]: AppBarManager need to re-register 1 bar
2026-08-05 13:52:04,858 [INFO] [MainThread] [root/bar_helper.py:603]: Re-registered AppBar for primary-bar_XG27AQWMG_a0bf13b0 (space reservation + fullscreen)
2026-08-05 14:00:38,747 [INFO] [MainThread] [root/api.py:69]: Fetching new weather data at 2026-08-05 14:00:38.747409
2026-08-05 14:10:38,730 [INFO] [MainThread] [root/api.py:69]: Fetching new weather data at 2026-08-05 14:10:38.730238
2026-08-05 14:20:38,771 [INFO] [MainThread] [root/api.py:69]: Fetching new weather data at 2026-08-05 14:20:38.771050
2026-08-05 14:30:38,776 [INFO] [MainThread] [root/api.py:69]: Fetching new weather data at 2026-08-05 14:30:38.776519
2026-08-05 14:40:38,749 [INFO] [MainThread] [root/api.py:69]: Fetching new weather data at 2026-08-05 14:40:38.749566
2026-08-05 14:50:38,735 [INFO] [MainThread] [root/api.py:69]: Fetching new weather data at 2026-08-05 14:50:38.735766
2026-08-05 14:58:57,327 [ERROR] [MainThread] [root/vscode.py:79]: Error: unable to open database file
2026-08-05 15:00:38,759 [INFO] [MainThread] [root/api.py:69]: Fetching new weather data at 2026-08-05 15:00:38.759070
2026-08-05 15:00:53,589 [INFO] [SystrayHook] [systray_hook/systray_hook.py:193]: Injecting into Explorer (PID: 1844)
2026-08-05 15:00:53,785 [INFO] [MainThread] [root/bar_helper.py:594]: AppBarManager need to re-register 1 bar
2026-08-05 15:00:53,793 [INFO] [MainThread] [root/bar_helper.py:603]: Re-registered AppBar for primary-bar_XG27AQWMG_a0bf13b0 (space reservation + fullscreen)
2026-08-05 15:06:33,367 [INFO] [SystrayHook] [systray_hook/systray_hook.py:193]: Injecting into Explorer (PID: 10284)
2026-08-05 15:07:02,904 [INFO] [MainThread] [root/bar_helper.py:594]: AppBarManager need to re-register 1 bar
2026-08-05 15:07:02,913 [INFO] [MainThread] [root/bar_helper.py:603]: Re-registered AppBar for primary-bar_XG27AQWMG_a0bf13b0 (space reservation + fullscreen)
2026-08-05 15:08:09,094 [INFO] [MainThread] [root/bar_helper.py:594]: AppBarManager need to re-register 1 bar
2026-08-05 15:08:09,101 [INFO] [MainThread] [root/bar_helper.py:603]: Re-registered AppBar for primary-bar_XG27AQWMG_a0bf13b0 (space reservation + fullscreen)
2026-08-05 15:08:09,409 [INFO] [SystrayHook] [systray_hook/systray_hook.py:193]: Injecting into Explorer (PID: 18496)
2026-08-05 15:10:38,848 [INFO] [MainThread] [root/api.py:69]: Fetching new weather data at 2026-08-05 15:10:38.848962
2026-08-05 15:10:59,892 [INFO] [MainThread] [root/controller.py:43]: Exiting Application from tray...
2026-08-05 15:10:59,992 [INFO] [MainThread] [cli_server/cli_server.py:114]: Log pipe server stopped
2026-08-05 15:11:00,105 [INFO] [MainThread] [root/bar_manager.py:111]: Stopping HotkeyListener...
2026-08-05 15:11:00,106 [INFO] [MainThread] [root/bar_manager.py:119]: Stopping WindowsNotificationEventListener...
2026-08-05 15:11:00,108 [INFO] [MainThread] [root/bar_manager.py:119]: Stopping SystemEventListener...
2026-08-05 15:11:01,800 [INFO] [MainThread] [root/log.py:104]: YASB v2.0.5
2026-08-05 15:11:01,800 [INFO] [CLIPipeServer] [cli_server/cli_server.py:216]: CLI server started v1.1.7
2026-08-05 15:11:01,800 [INFO] [MainThread] [cli_server/cli_server.py:106]: Log pipe server started
2026-08-05 15:11:01,840 [WARNING] [MainThread] [deprecation/deprecation.py:136]: [DEPRECATED] BarAlignment: 'center' - Use 'align' instead.
2026-08-05 15:11:01,840 [WARNING] [MainThread] [deprecation/deprecation.py:136]: [DEPRECATED] BarBlurEffect: 'acrylic' - No longer supported and can be removed from the config.
2026-08-05 15:11:01,896 [WARNING] [MainThread] [deprecation/deprecation.py:136]: [DEPRECATED] KomorebiWorkspacesConfig: 'animation' - Use CSS animations instead.
2026-08-05 15:11:01,896 [WARNING] [MainThread] [deprecation/deprecation.py:136]: [DEPRECATED] KomorebiWorkspacesConfig: 'container_padding' - Use CSS padding instead.
2026-08-05 15:11:01,897 [WARNING] [MainThread] [deprecation/deprecation.py:136]: [DEPRECATED] ActiveLayoutConfig: 'container_padding' - Use CSS padding instead.
2026-08-05 15:11:01,897 [WARNING] [MainThread] [deprecation/deprecation.py:140]: [DEPRECATED] ActiveLayoutIconsConfig: 'maximised' renamed to 'maximized' - Use 'maximized' instead.
2026-08-05 15:11:01,898 [WARNING] [MainThread] [deprecation/deprecation.py:136]: [DEPRECATED] GalleryConfig: 'lazy_load_delay' - No longer supported and can be removed from the config.
2026-08-05 15:11:01,898 [WARNING] [MainThread] [deprecation/deprecation.py:136]: [DEPRECATED] GalleryConfig: 'enable_cache' - No longer supported and can be removed from the config.
2026-08-05 15:11:01,907 [WARNING] [MainThread] [deprecation/deprecation.py:136]: [DEPRECATED] StackConfig: 'animation' - Use CSS animations instead.
2026-08-05 15:11:01,907 [WARNING] [MainThread] [deprecation/deprecation.py:136]: [DEPRECATED] StackConfig: 'container_shadow' - Use CSS box-shadow instead.
2026-08-05 15:11:01,907 [WARNING] [MainThread] [deprecation/deprecation.py:136]: [DEPRECATED] StackConfig: 'btn_shadow' - Use CSS box-shadow instead.
2026-08-05 15:11:01,907 [WARNING] [MainThread] [deprecation/deprecation.py:136]: [DEPRECATED] StackConfig: 'label_shadow' - Use CSS text-shadow instead.
2026-08-05 15:11:01,910 [WARNING] [MainThread] [deprecation/deprecation.py:136]: [DEPRECATED] ApplicationsWidgetConfig: 'label_shadow' - Use CSS text-shadow instead.
2026-08-05 15:11:01,922 [WARNING] [MainThread] [deprecation/deprecation.py:136]: [DEPRECATED] ClockConfig: 'container_padding' - Use CSS padding instead.
2026-08-05 15:11:01,922 [WARNING] [MainThread] [deprecation/deprecation.py:136]: [DEPRECATED] ClockConfig: 'label_shadow' - Use CSS text-shadow instead.
2026-08-05 15:11:02,207 [WARNING] [MainThread] [deprecation/deprecation.py:136]: [DEPRECATED] WeatherWidgetConfig: 'label_shadow' - Use CSS text-shadow instead.
2026-08-05 15:11:02,238 [WARNING] [MainThread] [deprecation/deprecation.py:136]: [DEPRECATED] MediaWidgetConfig: 'label_shadow' - Use CSS text-shadow instead.
2026-08-05 15:11:02,242 [WARNING] [MainThread] [deprecation/deprecation.py:140]: [DEPRECATED] VolumeConfig: 'volume_icons' renamed to 'icons' - Use 'icons' with the dictionary format instead.
2026-08-05 15:11:02,242 [WARNING] [MainThread] [deprecation/deprecation.py:136]: [DEPRECATED] VolumeConfig: 'label_shadow' - Use CSS text-shadow instead.
2026-08-05 15:11:02,248 [INFO] [MainThread] [root/service.py:52]: AudioOutputService starting...
2026-08-05 15:11:02,275 [WARNING] [MainThread] [deprecation/deprecation.py:136]: [DEPRECATED] CpuConfig: 'label_shadow' - Use CSS text-shadow instead.
2026-08-05 15:11:02,287 [WARNING] [MainThread] [deprecation/deprecation.py:136]: [DEPRECATED] PowerPlanConfig: 'label_shadow' - Use CSS text-shadow instead.
2026-08-05 15:11:02,287 [WARNING] [MainThread] [deprecation/deprecation.py:136]: [DEPRECATED] PowerPlanConfig: 'container_shadow' - Use CSS box-shadow instead.
2026-08-05 15:11:02,866 [INFO] [MainThread] [root/bar_manager.py:103]: Starting KomorebiEventListener...
2026-08-05 15:11:02,867 [INFO] [Dummy-5] [root/event_listener.py:54]: Created named pipe yasb-94fecc51-90ad-11f1-be09-2c9c581268a6
2026-08-05 15:11:02,867 [INFO] [MainThread] [root/watcher.py:65]: Watching directory: c:\users\arvit\.config\yasb
2026-08-05 15:11:02,867 [INFO] [MainThread] [root/watcher.py:104]: Created file watcher
2026-08-05 15:11:02,983 [INFO] [MainThread] [root/update_service.py:434]: Background update checker started
2026-08-05 15:11:02,983 [WARNING] [Dummy-5] [root/event_listener.py:136]: Komorebi failed to subscribe named pipe. 'komorebic.exe' is not recognized as an internal or external command, operable program or batch file.
2026-08-05 15:11:03,311 [INFO] [MainThread] [root/api.py:69]: Fetching new weather data at 2026-08-05 15:11:03.311290
2026-08-05 15:43:59,667 [INFO] [MainThread] [root/log.py:104]: YASB v2.0.5
2026-08-05 15:43:59,668 [INFO] [CLIPipeServer] [cli_server/cli_server.py:216]: CLI server started v1.1.7
2026-08-05 15:43:59,668 [INFO] [MainThread] [cli_server/cli_server.py:106]: Log pipe server started
2026-08-05 15:44:58,285 [INFO] [MainThread] [root/welcome.py:867]: Created config file at C:\Users\arvit\.config\yasb\config.yaml
2026-08-05 15:44:58,285 [INFO] [MainThread] [root/welcome.py:876]: Created styles file at C:\Users\arvit\.config\yasb\styles.css
2026-08-05 15:44:58,388 [INFO] [MainThread] [root/service.py:52]: AudioOutputService starting...
2026-08-05 15:44:58,437 [INFO] [MainThread] [root/bar_manager.py:103]: Starting SystemEventListener...
2026-08-05 15:44:58,438 [INFO] [MainThread] [root/bar_manager.py:103]: Starting KomorebiEventListener...
2026-08-05 15:44:58,438 [INFO] [MainThread] [root/bar_manager.py:103]: Starting WindowsNotificationEventListener...
2026-08-05 15:44:58,438 [INFO] [MainThread] [root/watcher.py:65]: Watching directory: c:\users\arvit\.config\yasb
2026-08-05 15:44:58,439 [INFO] [MainThread] [root/watcher.py:104]: Created file watcher
2026-08-05 15:44:58,454 [INFO] [Dummy-6] [root/event_listener.py:54]: Created named pipe yasb-524a6596-90b2-11f1-a169-2c9c581268a6
2026-08-05 15:44:58,456 [INFO] [MainThread] [root/update_service.py:434]: Background update checker started
2026-08-05 15:44:58,495 [WARNING] [Dummy-6] [root/event_listener.py:136]: Komorebi failed to subscribe named pipe. 'komorebic.exe' is not recognized as an internal or external command, operable program or batch file.
2026-08-05 15:45:52,486 [INFO] [MainThread] [root/controller.py:43]: Exiting Application from tray...
2026-08-05 15:45:52,592 [INFO] [MainThread] [cli_server/cli_server.py:114]: Log pipe server stopped
2026-08-05 15:45:52,618 [INFO] [MainThread] [root/bar_manager.py:119]: Stopping SystemEventListener...
2026-08-05 15:45:52,620 [INFO] [MainThread] [root/bar_manager.py:119]: Stopping KomorebiEventListener...
2026-08-05 15:45:52,621 [INFO] [MainThread] [root/bar_manager.py:119]: Stopping WindowsNotificationEventListener...
2026-08-05 15:45:54,099 [INFO] [MainThread] [root/log.py:104]: YASB v2.0.5
2026-08-05 15:45:54,100 [INFO] [CLIPipeServer] [cli_server/cli_server.py:216]: CLI server started v1.1.7
2026-08-05 15:45:54,100 [INFO] [MainThread] [cli_server/cli_server.py:106]: Log pipe server started
2026-08-05 15:45:54,137 [WARNING] [MainThread] [deprecation/deprecation.py:136]: [DEPRECATED] BarAlignment: 'center' - Use 'align' instead.
2026-08-05 15:45:54,137 [WARNING] [MainThread] [deprecation/deprecation.py:136]: [DEPRECATED] BarBlurEffect: 'acrylic' - No longer supported and can be removed from the config.
2026-08-05 15:45:54,170 [WARNING] [MainThread] [deprecation/deprecation.py:136]: [DEPRECATED] KomorebiControlWidgetConfig: 'label_shadow' - Use CSS text-shadow instead.
2026-08-05 15:45:54,171 [WARNING] [MainThread] [deprecation/deprecation.py:136]: [DEPRECATED] KomorebiWorkspacesConfig: 'animation' - Use CSS animations instead.
2026-08-05 15:45:54,171 [WARNING] [MainThread] [deprecation/deprecation.py:136]: [DEPRECATED] KomorebiWorkspacesConfig: 'container_padding' - Use CSS padding instead.
2026-08-05 15:45:54,172 [WARNING] [MainThread] [deprecation/deprecation.py:136]: [DEPRECATED] ActiveLayoutConfig: 'container_padding' - Use CSS padding instead.
2026-08-05 15:45:54,172 [WARNING] [MainThread] [deprecation/deprecation.py:140]: [DEPRECATED] ActiveLayoutIconsConfig: 'maximised' renamed to 'maximized' - Use 'maximized' instead.
2026-08-05 15:45:54,185 [WARNING] [MainThread] [deprecation/deprecation.py:136]: [DEPRECATED] GalleryConfig: 'lazy_load_delay' - No longer supported and can be removed from the config.
2026-08-05 15:45:54,185 [WARNING] [MainThread] [deprecation/deprecation.py:136]: [DEPRECATED] GalleryConfig: 'enable_cache' - No longer supported and can be removed from the config.
2026-08-05 15:45:54,192 [WARNING] [MainThread] [deprecation/deprecation.py:136]: [DEPRECATED] StackConfig: 'animation' - Use CSS animations instead.
2026-08-05 15:45:54,192 [WARNING] [MainThread] [deprecation/deprecation.py:136]: [DEPRECATED] StackConfig: 'container_shadow' - Use CSS box-shadow instead.
2026-08-05 15:45:54,192 [WARNING] [MainThread] [deprecation/deprecation.py:136]: [DEPRECATED] StackConfig: 'btn_shadow' - Use CSS box-shadow instead.
2026-08-05 15:45:54,193 [WARNING] [MainThread] [deprecation/deprecation.py:136]: [DEPRECATED] StackConfig: 'label_shadow' - Use CSS text-shadow instead.
2026-08-05 15:45:54,194 [WARNING] [MainThread] [deprecation/deprecation.py:136]: [DEPRECATED] ApplicationsWidgetConfig: 'label_shadow' - Use CSS text-shadow instead.
2026-08-05 15:45:54,200 [WARNING] [MainThread] [deprecation/deprecation.py:136]: [DEPRECATED] ClockConfig: 'container_padding' - Use CSS padding instead.
2026-08-05 15:45:54,200 [WARNING] [MainThread] [deprecation/deprecation.py:136]: [DEPRECATED] ClockConfig: 'label_shadow' - Use CSS text-shadow instead.
2026-08-05 15:45:54,442 [WARNING] [MainThread] [deprecation/deprecation.py:136]: [DEPRECATED] WeatherWidgetConfig: 'label_shadow' - Use CSS text-shadow instead.
2026-08-05 15:45:54,470 [WARNING] [MainThread] [deprecation/deprecation.py:136]: [DEPRECATED] MediaWidgetConfig: 'label_shadow' - Use CSS text-shadow instead.
2026-08-05 15:45:54,473 [WARNING] [MainThread] [deprecation/deprecation.py:140]: [DEPRECATED] VolumeConfig: 'volume_icons' renamed to 'icons' - Use 'icons' with the dictionary format instead.
2026-08-05 15:45:54,473 [WARNING] [MainThread] [deprecation/deprecation.py:136]: [DEPRECATED] VolumeConfig: 'label_shadow' - Use CSS text-shadow instead.
2026-08-05 15:45:54,479 [INFO] [MainThread] [root/service.py:52]: AudioOutputService starting...
2026-08-05 15:45:54,503 [WARNING] [MainThread] [deprecation/deprecation.py:136]: [DEPRECATED] CpuConfig: 'label_shadow' - Use CSS text-shadow instead.
2026-08-05 15:45:54,512 [WARNING] [MainThread] [deprecation/deprecation.py:136]: [DEPRECATED] PowerPlanConfig: 'label_shadow' - Use CSS text-shadow instead.
2026-08-05 15:45:54,512 [WARNING] [MainThread] [deprecation/deprecation.py:136]: [DEPRECATED] PowerPlanConfig: 'container_shadow' - Use CSS box-shadow instead.
2026-08-05 15:45:54,515 [WARNING] [MainThread] [deprecation/deprecation.py:136]: [DEPRECATED] PowerMenuConfig: 'label_shadow' - Use CSS text-shadow instead.
2026-08-05 15:45:54,762 [INFO] [MainThread] [root/bar_manager.py:103]: Starting KomorebiEventListener...
2026-08-05 15:45:54,763 [INFO] [Dummy-5] [root/event_listener.py:54]: Created named pipe yasb-73dccd29-90b2-11f1-bccf-2c9c581268a6
2026-08-05 15:45:54,763 [INFO] [MainThread] [root/watcher.py:65]: Watching directory: c:\users\arvit\.config\yasb
2026-08-05 15:45:54,763 [INFO] [MainThread] [root/watcher.py:104]: Created file watcher
2026-08-05 15:45:54,772 [INFO] [MainThread] [root/update_service.py:434]: Background update checker started
2026-08-05 15:45:54,815 [WARNING] [Dummy-5] [root/event_listener.py:136]: Komorebi failed to subscribe named pipe. 'komorebic.exe' is not recognized as an internal or external command, operable program or batch file.
2026-08-05 15:45:55,204 [INFO] [MainThread] [root/api.py:69]: Fetching new weather data at 2026-08-05 15:45:55.204773
2026-08-05 15:46:16,656 [INFO] [MainThread] [root/controller.py:43]: Exiting Application from tray...
2026-08-05 15:46:16,764 [INFO] [MainThread] [cli_server/cli_server.py:114]: Log pipe server stopped
2026-08-05 15:46:16,792 [INFO] [MainThread] [root/bar_manager.py:119]: Stopping KomorebiEventListener...
2026-08-05 15:46:18,183 [INFO] [MainThread] [root/log.py:104]: YASB v2.0.5
2026-08-05 15:46:18,183 [INFO] [CLIPipeServer] [cli_server/cli_server.py:216]: CLI server started v1.1.7
2026-08-05 15:46:18,183 [INFO] [MainThread] [cli_server/cli_server.py:106]: Log pipe server started
2026-08-05 15:46:18,214 [WARNING] [MainThread] [deprecation/deprecation.py:136]: [DEPRECATED] BarAlignment: 'center' - Use 'align' instead.
2026-08-05 15:46:18,214 [WARNING] [MainThread] [deprecation/deprecation.py:136]: [DEPRECATED] BarBlurEffect: 'acrylic' - No longer supported and can be removed from the config.
2026-08-05 15:46:18,257 [WARNING] [MainThread] [deprecation/deprecation.py:136]: [DEPRECATED] KomorebiControlWidgetConfig: 'label_shadow' - Use CSS text-shadow instead.
2026-08-05 15:46:18,258 [WARNING] [MainThread] [deprecation/deprecation.py:136]: [DEPRECATED] KomorebiWorkspacesConfig: 'animation' - Use CSS animations instead.
2026-08-05 15:46:18,258 [WARNING] [MainThread] [deprecation/deprecation.py:136]: [DEPRECATED] KomorebiWorkspacesConfig: 'container_padding' - Use CSS padding instead.
2026-08-05 15:46:18,259 [WARNING] [MainThread] [deprecation/deprecation.py:136]: [DEPRECATED] ActiveLayoutConfig: 'container_padding' - Use CSS padding instead.
2026-08-05 15:46:18,259 [WARNING] [MainThread] [deprecation/deprecation.py:140]: [DEPRECATED] ActiveLayoutIconsConfig: 'maximised' renamed to 'maximized' - Use 'maximized' instead.
2026-08-05 15:46:18,271 [WARNING] [MainThread] [deprecation/deprecation.py:136]: [DEPRECATED] GalleryConfig: 'lazy_load_delay' - No longer supported and can be removed from the config.
2026-08-05 15:46:18,271 [WARNING] [MainThread] [deprecation/deprecation.py:136]: [DEPRECATED] GalleryConfig: 'enable_cache' - No longer supported and can be removed from the config.
2026-08-05 15:46:18,279 [WARNING] [MainThread] [deprecation/deprecation.py:136]: [DEPRECATED] StackConfig: 'animation' - Use CSS animations instead.
2026-08-05 15:46:18,279 [WARNING] [MainThread] [deprecation/deprecation.py:136]: [DEPRECATED] StackConfig: 'container_shadow' - Use CSS box-shadow instead.
2026-08-05 15:46:18,279 [WARNING] [MainThread] [deprecation/deprecation.py:136]: [DEPRECATED] StackConfig: 'btn_shadow' - Use CSS box-shadow instead.
2026-08-05 15:46:18,279 [WARNING] [MainThread] [deprecation/deprecation.py:136]: [DEPRECATED] StackConfig: 'label_shadow' - Use CSS text-shadow instead.
2026-08-05 15:46:18,281 [WARNING] [MainThread] [deprecation/deprecation.py:136]: [DEPRECATED] ApplicationsWidgetConfig: 'label_shadow' - Use CSS text-shadow instead.
2026-08-05 15:46:18,289 [WARNING] [MainThread] [deprecation/deprecation.py:136]: [DEPRECATED] ClockConfig: 'container_padding' - Use CSS padding instead.
2026-08-05 15:46:18,289 [WARNING] [MainThread] [deprecation/deprecation.py:136]: [DEPRECATED] ClockConfig: 'label_shadow' - Use CSS text-shadow instead.
2026-08-05 15:46:18,326 [WARNING] [MainThread] [deprecation/deprecation.py:136]: [DEPRECATED] WeatherWidgetConfig: 'label_shadow' - Use CSS text-shadow instead.
2026-08-05 15:46:18,355 [WARNING] [MainThread] [deprecation/deprecation.py:136]: [DEPRECATED] MediaWidgetConfig: 'label_shadow' - Use CSS text-shadow instead.
2026-08-05 15:46:18,358 [WARNING] [MainThread] [deprecation/deprecation.py:140]: [DEPRECATED] VolumeConfig: 'volume_icons' renamed to 'icons' - Use 'icons' with the dictionary format instead.
2026-08-05 15:46:18,358 [WARNING] [MainThread] [deprecation/deprecation.py:136]: [DEPRECATED] VolumeConfig: 'label_shadow' - Use CSS text-shadow instead.
2026-08-05 15:46:18,365 [INFO] [MainThread] [root/service.py:52]: AudioOutputService starting...
2026-08-05 15:46:18,392 [WARNING] [MainThread] [deprecation/deprecation.py:136]: [DEPRECATED] CpuConfig: 'label_shadow' - Use CSS text-shadow instead.
2026-08-05 15:46:18,404 [WARNING] [MainThread] [deprecation/deprecation.py:136]: [DEPRECATED] PowerPlanConfig: 'label_shadow' - Use CSS text-shadow instead.
2026-08-05 15:46:18,404 [WARNING] [MainThread] [deprecation/deprecation.py:136]: [DEPRECATED] PowerPlanConfig: 'container_shadow' - Use CSS box-shadow instead.
2026-08-05 15:46:18,408 [WARNING] [MainThread] [deprecation/deprecation.py:136]: [DEPRECATED] PowerMenuConfig: 'label_shadow' - Use CSS text-shadow instead.
2026-08-05 15:46:18,668 [INFO] [MainThread] [root/bar_manager.py:103]: Starting KomorebiEventListener...
2026-08-05 15:46:18,668 [INFO] [MainThread] [root/watcher.py:65]: Watching directory: c:\users\arvit\.config\yasb
2026-08-05 15:46:18,669 [INFO] [MainThread] [root/watcher.py:104]: Created file watcher
2026-08-05 15:46:18,669 [INFO] [Dummy-6] [root/event_listener.py:54]: Created named pipe yasb-821c8a8b-90b2-11f1-93af-2c9c581268a6
2026-08-05 15:46:18,677 [INFO] [MainThread] [root/update_service.py:434]: Background update checker started
2026-08-05 15:46:18,715 [WARNING] [Dummy-6] [root/event_listener.py:136]: Komorebi failed to subscribe named pipe. 'komorebic.exe' is not recognized as an internal or external command, operable program or batch file.
2026-08-05 15:46:18,860 [INFO] [MainThread] [root/api.py:69]: Fetching new weather data at 2026-08-05 15:46:18.860626
2026-08-05 15:46:59,253 [INFO] [MainThread] [root/controller.py:43]: Exiting Application from tray...
2026-08-05 15:46:59,353 [INFO] [MainThread] [cli_server/cli_server.py:114]: Log pipe server stopped
2026-08-05 15:46:59,379 [INFO] [MainThread] [root/bar_manager.py:119]: Stopping KomorebiEventListener...
2026-08-05 15:47:01,115 [INFO] [MainThread] [root/log.py:104]: YASB v2.0.5
2026-08-05 15:47:01,115 [INFO] [CLIPipeServer] [cli_server/cli_server.py:216]: CLI server started v1.1.7
2026-08-05 15:47:01,115 [INFO] [MainThread] [cli_server/cli_server.py:106]: Log pipe server started
2026-08-05 15:47:01,146 [WARNING] [MainThread] [deprecation/deprecation.py:136]: [DEPRECATED] BarAlignment: 'center' - Use 'align' instead.
2026-08-05 15:47:01,146 [WARNING] [MainThread] [deprecation/deprecation.py:136]: [DEPRECATED] BarBlurEffect: 'acrylic' - No longer supported and can be removed from the config.
2026-08-05 15:47:01,189 [WARNING] [MainThread] [deprecation/deprecation.py:136]: [DEPRECATED] KomorebiControlWidgetConfig: 'label_shadow' - Use CSS text-shadow instead.
2026-08-05 15:47:01,190 [WARNING] [MainThread] [deprecation/deprecation.py:136]: [DEPRECATED] KomorebiWorkspacesConfig: 'animation' - Use CSS animations instead.
2026-08-05 15:47:01,190 [WARNING] [MainThread] [deprecation/deprecation.py:136]: [DEPRECATED] KomorebiWorkspacesConfig: 'container_padding' - Use CSS padding instead.
2026-08-05 15:47:01,190 [WARNING] [MainThread] [deprecation/deprecation.py:136]: [DEPRECATED] ActiveLayoutConfig: 'container_padding' - Use CSS padding instead.
2026-08-05 15:47:01,190 [WARNING] [MainThread] [deprecation/deprecation.py:140]: [DEPRECATED] ActiveLayoutIconsConfig: 'maximised' renamed to 'maximized' - Use 'maximized' instead.
2026-08-05 15:47:01,203 [WARNING] [MainThread] [deprecation/deprecation.py:136]: [DEPRECATED] GalleryConfig: 'lazy_load_delay' - No longer supported and can be removed from the config.
2026-08-05 15:47:01,203 [WARNING] [MainThread] [deprecation/deprecation.py:136]: [DEPRECATED] GalleryConfig: 'enable_cache' - No longer supported and can be removed from the config.
2026-08-05 15:47:01,210 [WARNING] [MainThread] [deprecation/deprecation.py:136]: [DEPRECATED] StackConfig: 'animation' - Use CSS animations instead.
2026-08-05 15:47:01,210 [WARNING] [MainThread] [deprecation/deprecation.py:136]: [DEPRECATED] StackConfig: 'container_shadow' - Use CSS box-shadow instead.
2026-08-05 15:47:01,210 [WARNING] [MainThread] [deprecation/deprecation.py:136]: [DEPRECATED] StackConfig: 'btn_shadow' - Use CSS box-shadow instead.
2026-08-05 15:47:01,210 [WARNING] [MainThread] [deprecation/deprecation.py:136]: [DEPRECATED] StackConfig: 'label_shadow' - Use CSS text-shadow instead.
2026-08-05 15:47:01,212 [WARNING] [MainThread] [deprecation/deprecation.py:136]: [DEPRECATED] ApplicationsWidgetConfig: 'label_shadow' - Use CSS text-shadow instead.
2026-08-05 15:47:01,221 [WARNING] [MainThread] [deprecation/deprecation.py:136]: [DEPRECATED] ClockConfig: 'container_padding' - Use CSS padding instead.
2026-08-05 15:47:01,221 [WARNING] [MainThread] [deprecation/deprecation.py:136]: [DEPRECATED] ClockConfig: 'label_shadow' - Use CSS text-shadow instead.
2026-08-05 15:47:01,255 [WARNING] [MainThread] [deprecation/deprecation.py:136]: [DEPRECATED] WeatherWidgetConfig: 'label_shadow' - Use CSS text-shadow instead.
2026-08-05 15:47:01,285 [WARNING] [MainThread] [deprecation/deprecation.py:136]: [DEPRECATED] MediaWidgetConfig: 'label_shadow' - Use CSS text-shadow instead.
2026-08-05 15:47:01,289 [WARNING] [MainThread] [deprecation/deprecation.py:140]: [DEPRECATED] VolumeConfig: 'volume_icons' renamed to 'icons' - Use 'icons' with the dictionary format instead.
2026-08-05 15:47:01,289 [WARNING] [MainThread] [deprecation/deprecation.py:136]: [DEPRECATED] VolumeConfig: 'label_shadow' - Use CSS text-shadow instead.
2026-08-05 15:47:01,297 [INFO] [MainThread] [root/service.py:52]: AudioOutputService starting...
2026-08-05 15:47:01,323 [WARNING] [MainThread] [deprecation/deprecation.py:136]: [DEPRECATED] CpuConfig: 'label_shadow' - Use CSS text-shadow instead.
2026-08-05 15:47:01,336 [WARNING] [MainThread] [deprecation/deprecation.py:136]: [DEPRECATED] PowerPlanConfig: 'label_shadow' - Use CSS text-shadow instead.
2026-08-05 15:47:01,336 [WARNING] [MainThread] [deprecation/deprecation.py:136]: [DEPRECATED] PowerPlanConfig: 'container_shadow' - Use CSS box-shadow instead.
2026-08-05 15:47:01,340 [WARNING] [MainThread] [deprecation/deprecation.py:136]: [DEPRECATED] PowerMenuConfig: 'label_shadow' - Use CSS text-shadow instead.
2026-08-05 15:47:01,594 [INFO] [MainThread] [root/bar_manager.py:103]: Starting KomorebiEventListener...
2026-08-05 15:47:01,595 [INFO] [MainThread] [root/watcher.py:65]: Watching directory: c:\users\arvit\.config\yasb
2026-08-05 15:47:01,595 [INFO] [MainThread] [root/watcher.py:104]: Created file watcher
2026-08-05 15:47:01,595 [INFO] [Dummy-6] [root/event_listener.py:54]: Created named pipe yasb-9bb28ff2-90b2-11f1-b912-2c9c581268a6
2026-08-05 15:47:01,603 [INFO] [MainThread] [root/update_service.py:434]: Background update checker started
2026-08-05 15:47:01,634 [WARNING] [Dummy-6] [root/event_listener.py:136]: Komorebi failed to subscribe named pipe. 'komorebic.exe' is not recognized as an internal or external command, operable program or batch file.
2026-08-05 15:47:01,935 [INFO] [MainThread] [root/api.py:69]: Fetching new weather data at 2026-08-05 15:47:01.935000
2026-08-05 15:47:14,614 [INFO] [MainThread] [root/controller.py:43]: Exiting Application from tray...
2026-08-05 15:47:14,726 [INFO] [MainThread] [cli_server/cli_server.py:114]: Log pipe server stopped
2026-08-05 15:47:14,752 [INFO] [MainThread] [root/bar_manager.py:119]: Stopping KomorebiEventListener...
2026-08-05 15:47:16,120 [INFO] [MainThread] [root/log.py:104]: YASB v2.0.5
2026-08-05 15:47:16,120 [INFO] [CLIPipeServer] [cli_server/cli_server.py:216]: CLI server started v1.1.7
2026-08-05 15:47:16,121 [INFO] [MainThread] [cli_server/cli_server.py:106]: Log pipe server started
2026-08-05 15:47:16,151 [WARNING] [MainThread] [deprecation/deprecation.py:136]: [DEPRECATED] BarAlignment: 'center' - Use 'align' instead.
2026-08-05 15:47:16,151 [WARNING] [MainThread] [deprecation/deprecation.py:136]: [DEPRECATED] BarBlurEffect: 'acrylic' - No longer supported and can be removed from the config.
2026-08-05 15:47:16,196 [WARNING] [MainThread] [deprecation/deprecation.py:136]: [DEPRECATED] KomorebiControlWidgetConfig: 'label_shadow' - Use CSS text-shadow instead.
2026-08-05 15:47:16,196 [WARNING] [MainThread] [deprecation/deprecation.py:136]: [DEPRECATED] KomorebiWorkspacesConfig: 'animation' - Use CSS animations instead.
2026-08-05 15:47:16,196 [WARNING] [MainThread] [deprecation/deprecation.py:136]: [DEPRECATED] KomorebiWorkspacesConfig: 'container_padding' - Use CSS padding instead.
2026-08-05 15:47:16,197 [WARNING] [MainThread] [deprecation/deprecation.py:136]: [DEPRECATED] ActiveLayoutConfig: 'container_padding' - Use CSS padding instead.
2026-08-05 15:47:16,197 [WARNING] [MainThread] [deprecation/deprecation.py:140]: [DEPRECATED] ActiveLayoutIconsConfig: 'maximised' renamed to 'maximized' - Use 'maximized' instead.
2026-08-05 15:47:16,209 [WARNING] [MainThread] [deprecation/deprecation.py:136]: [DEPRECATED] GalleryConfig: 'lazy_load_delay' - No longer supported and can be removed from the config.
2026-08-05 15:47:16,210 [WARNING] [MainThread] [deprecation/deprecation.py:136]: [DEPRECATED] GalleryConfig: 'enable_cache' - No longer supported and can be removed from the config.
2026-08-05 15:47:16,217 [WARNING] [MainThread] [deprecation/deprecation.py:136]: [DEPRECATED] StackConfig: 'animation' - Use CSS animations instead.
2026-08-05 15:47:16,217 [WARNING] [MainThread] [deprecation/deprecation.py:136]: [DEPRECATED] StackConfig: 'container_shadow' - Use CSS box-shadow instead.
2026-08-05 15:47:16,217 [WARNING] [MainThread] [deprecation/deprecation.py:136]: [DEPRECATED] StackConfig: 'btn_shadow' - Use CSS box-shadow instead.
2026-08-05 15:47:16,217 [WARNING] [MainThread] [deprecation/deprecation.py:136]: [DEPRECATED] StackConfig: 'label_shadow' - Use CSS text-shadow instead.
2026-08-05 15:47:16,219 [WARNING] [MainThread] [deprecation/deprecation.py:136]: [DEPRECATED] ApplicationsWidgetConfig: 'label_shadow' - Use CSS text-shadow instead.
2026-08-05 15:47:16,228 [WARNING] [MainThread] [deprecation/deprecation.py:136]: [DEPRECATED] ClockConfig: 'container_padding' - Use CSS padding instead.
2026-08-05 15:47:16,228 [WARNING] [MainThread] [deprecation/deprecation.py:136]: [DEPRECATED] ClockConfig: 'label_shadow' - Use CSS text-shadow instead.
2026-08-05 15:47:16,263 [WARNING] [MainThread] [deprecation/deprecation.py:136]: [DEPRECATED] WeatherWidgetConfig: 'label_shadow' - Use CSS text-shadow instead.
2026-08-05 15:47:16,292 [WARNING] [MainThread] [deprecation/deprecation.py:136]: [DEPRECATED] MediaWidgetConfig: 'label_shadow' - Use CSS text-shadow instead.
2026-08-05 15:47:16,295 [WARNING] [MainThread] [deprecation/deprecation.py:140]: [DEPRECATED] VolumeConfig: 'volume_icons' renamed to 'icons' - Use 'icons' with the dictionary format instead.
2026-08-05 15:47:16,296 [WARNING] [MainThread] [deprecation/deprecation.py:136]: [DEPRECATED] VolumeConfig: 'label_shadow' - Use CSS text-shadow instead.
2026-08-05 15:47:16,302 [INFO] [MainThread] [root/service.py:52]: AudioOutputService starting...
2026-08-05 15:47:16,328 [WARNING] [MainThread] [deprecation/deprecation.py:136]: [DEPRECATED] CpuConfig: 'label_shadow' - Use CSS text-shadow instead.
2026-08-05 15:47:16,341 [WARNING] [MainThread] [deprecation/deprecation.py:136]: [DEPRECATED] PowerPlanConfig: 'label_shadow' - Use CSS text-shadow instead.
2026-08-05 15:47:16,341 [WARNING] [MainThread] [deprecation/deprecation.py:136]: [DEPRECATED] PowerPlanConfig: 'container_shadow' - Use CSS box-shadow instead.
2026-08-05 15:47:16,345 [WARNING] [MainThread] [deprecation/deprecation.py:136]: [DEPRECATED] PowerMenuConfig: 'label_shadow' - Use CSS text-shadow instead.
2026-08-05 15:47:16,601 [INFO] [MainThread] [root/bar_manager.py:103]: Starting KomorebiEventListener...
2026-08-05 15:47:16,602 [INFO] [MainThread] [root/watcher.py:65]: Watching directory: c:\users\arvit\.config\yasb
2026-08-05 15:47:16,602 [INFO] [MainThread] [root/watcher.py:104]: Created file watcher
2026-08-05 15:47:16,602 [INFO] [Dummy-6] [root/event_listener.py:54]: Created named pipe yasb-a4a4851f-90b2-11f1-88d0-2c9c581268a6
2026-08-05 15:47:16,610 [INFO] [MainThread] [root/update_service.py:434]: Background update checker started
2026-08-05 15:47:16,645 [WARNING] [Dummy-6] [root/event_listener.py:136]: Komorebi failed to subscribe named pipe. 'komorebic.exe' is not recognized as an internal or external command, operable program or batch file.
2026-08-05 15:47:16,755 [INFO] [MainThread] [root/api.py:69]: Fetching new weather data at 2026-08-05 15:47:16.755237
2026-08-05 15:48:44,919 [WARNING] [MainThread] [deprecation/deprecation.py:136]: [DEPRECATED] BarAlignment: 'center' - Use 'align' instead.
2026-08-05 15:48:44,919 [WARNING] [MainThread] [deprecation/deprecation.py:136]: [DEPRECATED] BarBlurEffect: 'acrylic' - No longer supported and can be removed from the config.
2026-08-05 15:48:44,920 [INFO] [MainThread] [root/controller.py:21]: Reloading Application because of config change.
2026-08-05 15:48:45,020 [INFO] [MainThread] [cli_server/cli_server.py:114]: Log pipe server stopped
2026-08-05 15:48:45,024 [INFO] [MainThread] [root/bar_manager.py:93]: Successfully loaded updated config and re-initialised all bars.
2026-08-05 15:48:45,049 [INFO] [MainThread] [root/bar_manager.py:119]: Stopping KomorebiEventListener...
2026-08-05 15:48:45,277 [INFO] [MainThread] [root/log.py:104]: YASB v2.0.5
2026-08-05 15:48:45,277 [INFO] [CLIPipeServer] [cli_server/cli_server.py:216]: CLI server started v1.1.7
2026-08-05 15:48:45,277 [INFO] [MainThread] [cli_server/cli_server.py:106]: Log pipe server started
2026-08-05 15:48:45,308 [WARNING] [MainThread] [deprecation/deprecation.py:136]: [DEPRECATED] BarAlignment: 'center' - Use 'align' instead.
2026-08-05 15:48:45,308 [WARNING] [MainThread] [deprecation/deprecation.py:136]: [DEPRECATED] BarBlurEffect: 'acrylic' - No longer supported and can be removed from the config.
2026-08-05 15:48:45,346 [WARNING] [MainThread] [deprecation/deprecation.py:136]: [DEPRECATED] KomorebiControlWidgetConfig: 'label_shadow' - Use CSS text-shadow instead.
2026-08-05 15:48:45,347 [WARNING] [MainThread] [deprecation/deprecation.py:136]: [DEPRECATED] KomorebiWorkspacesConfig: 'animation' - Use CSS animations instead.
2026-08-05 15:48:45,347 [WARNING] [MainThread] [deprecation/deprecation.py:136]: [DEPRECATED] KomorebiWorkspacesConfig: 'container_padding' - Use CSS padding instead.
2026-08-05 15:48:45,347 [WARNING] [MainThread] [deprecation/deprecation.py:136]: [DEPRECATED] ActiveLayoutConfig: 'container_padding' - Use CSS padding instead.
2026-08-05 15:48:45,347 [WARNING] [MainThread] [deprecation/deprecation.py:140]: [DEPRECATED] ActiveLayoutIconsConfig: 'maximised' renamed to 'maximized' - Use 'maximized' instead.
2026-08-05 15:48:45,360 [WARNING] [MainThread] [deprecation/deprecation.py:136]: [DEPRECATED] GalleryConfig: 'lazy_load_delay' - No longer supported and can be removed from the config.
2026-08-05 15:48:45,360 [WARNING] [MainThread] [deprecation/deprecation.py:136]: [DEPRECATED] GalleryConfig: 'enable_cache' - No longer supported and can be removed from the config.
2026-08-05 15:48:45,368 [WARNING] [MainThread] [deprecation/deprecation.py:136]: [DEPRECATED] StackConfig: 'animation' - Use CSS animations instead.
2026-08-05 15:48:45,368 [WARNING] [MainThread] [deprecation/deprecation.py:136]: [DEPRECATED] StackConfig: 'container_shadow' - Use CSS box-shadow instead.
2026-08-05 15:48:45,369 [WARNING] [MainThread] [deprecation/deprecation.py:136]: [DEPRECATED] StackConfig: 'btn_shadow' - Use CSS box-shadow instead.
2026-08-05 15:48:45,369 [WARNING] [MainThread] [deprecation/deprecation.py:136]: [DEPRECATED] StackConfig: 'label_shadow' - Use CSS text-shadow instead.
2026-08-05 15:48:45,371 [WARNING] [MainThread] [deprecation/deprecation.py:136]: [DEPRECATED] ApplicationsWidgetConfig: 'label_shadow' - Use CSS text-shadow instead.
2026-08-05 15:48:45,379 [WARNING] [MainThread] [deprecation/deprecation.py:136]: [DEPRECATED] ClockConfig: 'container_padding' - Use CSS padding instead.
2026-08-05 15:48:45,379 [WARNING] [MainThread] [deprecation/deprecation.py:136]: [DEPRECATED] ClockConfig: 'label_shadow' - Use CSS text-shadow instead.
2026-08-05 15:48:45,415 [WARNING] [MainThread] [deprecation/deprecation.py:136]: [DEPRECATED] WeatherWidgetConfig: 'label_shadow' - Use CSS text-shadow instead.
2026-08-05 15:48:45,445 [WARNING] [MainThread] [deprecation/deprecation.py:136]: [DEPRECATED] MediaWidgetConfig: 'label_shadow' - Use CSS text-shadow instead.
2026-08-05 15:48:45,448 [WARNING] [MainThread] [deprecation/deprecation.py:140]: [DEPRECATED] VolumeConfig: 'volume_icons' renamed to 'icons' - Use 'icons' with the dictionary format instead.
2026-08-05 15:48:45,448 [WARNING] [MainThread] [deprecation/deprecation.py:136]: [DEPRECATED] VolumeConfig: 'label_shadow' - Use CSS text-shadow instead.
2026-08-05 15:48:45,454 [INFO] [MainThread] [root/service.py:52]: AudioOutputService starting...
2026-08-05 15:48:45,483 [WARNING] [MainThread] [deprecation/deprecation.py:136]: [DEPRECATED] CpuConfig: 'label_shadow' - Use CSS text-shadow instead.
2026-08-05 15:48:45,495 [WARNING] [MainThread] [deprecation/deprecation.py:136]: [DEPRECATED] PowerPlanConfig: 'label_shadow' - Use CSS text-shadow instead.
2026-08-05 15:48:45,495 [WARNING] [MainThread] [deprecation/deprecation.py:136]: [DEPRECATED] PowerPlanConfig: 'container_shadow' - Use CSS box-shadow instead.
2026-08-05 15:48:45,499 [WARNING] [MainThread] [deprecation/deprecation.py:136]: [DEPRECATED] PowerMenuConfig: 'label_shadow' - Use CSS text-shadow instead.
2026-08-05 15:48:45,766 [INFO] [MainThread] [root/bar_manager.py:103]: Starting KomorebiEventListener...
2026-08-05 15:48:45,767 [INFO] [MainThread] [root/watcher.py:65]: Watching directory: c:\users\arvit\.config\yasb
2026-08-05 15:48:45,768 [INFO] [MainThread] [root/watcher.py:104]: Created file watcher
2026-08-05 15:48:45,767 [INFO] [Dummy-6] [root/event_listener.py:54]: Created named pipe yasb-d9ca0c22-90b2-11f1-a6f0-2c9c581268a6
2026-08-05 15:48:45,776 [INFO] [MainThread] [root/update_service.py:434]: Background update checker started
2026-08-05 15:48:45,807 [WARNING] [Dummy-6] [root/event_listener.py:136]: Komorebi failed to subscribe named pipe. 'komorebic.exe' is not recognized as an internal or external command, operable program or batch file.
2026-08-05 15:48:45,973 [INFO] [MainThread] [root/api.py:69]: Fetching new weather data at 2026-08-05 15:48:45.973566
2026-08-05 15:48:50,685 [WARNING] [MainThread] [deprecation/deprecation.py:136]: [DEPRECATED] BarAlignment: 'center' - Use 'align' instead.
2026-08-05 15:48:50,685 [WARNING] [MainThread] [deprecation/deprecation.py:136]: [DEPRECATED] BarBlurEffect: 'acrylic' - No longer supported and can be removed from the config.
2026-08-05 15:48:50,685 [INFO] [MainThread] [root/controller.py:21]: Reloading Application because of config change.
2026-08-05 15:48:50,792 [INFO] [MainThread] [cli_server/cli_server.py:114]: Log pipe server stopped
2026-08-05 15:48:50,796 [INFO] [MainThread] [root/bar_manager.py:93]: Successfully loaded updated config and re-initialised all bars.
2026-08-05 15:48:50,819 [INFO] [MainThread] [root/bar_manager.py:119]: Stopping KomorebiEventListener...
2026-08-05 15:48:51,059 [INFO] [MainThread] [root/log.py:104]: YASB v2.0.5
2026-08-05 15:48:51,059 [INFO] [CLIPipeServer] [cli_server/cli_server.py:216]: CLI server started v1.1.7
2026-08-05 15:48:51,059 [INFO] [MainThread] [cli_server/cli_server.py:106]: Log pipe server started
2026-08-05 15:48:51,089 [WARNING] [MainThread] [deprecation/deprecation.py:136]: [DEPRECATED] BarAlignment: 'center' - Use 'align' instead.
2026-08-05 15:48:51,089 [WARNING] [MainThread] [deprecation/deprecation.py:136]: [DEPRECATED] BarBlurEffect: 'acrylic' - No longer supported and can be removed from the config.
2026-08-05 15:48:51,127 [WARNING] [MainThread] [deprecation/deprecation.py:136]: [DEPRECATED] KomorebiControlWidgetConfig: 'label_shadow' - Use CSS text-shadow instead.
2026-08-05 15:48:51,128 [WARNING] [MainThread] [deprecation/deprecation.py:136]: [DEPRECATED] KomorebiWorkspacesConfig: 'animation' - Use CSS animations instead.
2026-08-05 15:48:51,128 [WARNING] [MainThread] [deprecation/deprecation.py:136]: [DEPRECATED] KomorebiWorkspacesConfig: 'container_padding' - Use CSS padding instead.
2026-08-05 15:48:51,128 [WARNING] [MainThread] [deprecation/deprecation.py:136]: [DEPRECATED] ActiveLayoutConfig: 'container_padding' - Use CSS padding instead.
2026-08-05 15:48:51,128 [WARNING] [MainThread] [deprecation/deprecation.py:140]: [DEPRECATED] ActiveLayoutIconsConfig: 'maximised' renamed to 'maximized' - Use 'maximized' instead.
2026-08-05 15:48:51,141 [WARNING] [MainThread] [deprecation/deprecation.py:136]: [DEPRECATED] GalleryConfig: 'lazy_load_delay' - No longer supported and can be removed from the config.
2026-08-05 15:48:51,141 [WARNING] [MainThread] [deprecation/deprecation.py:136]: [DEPRECATED] GalleryConfig: 'enable_cache' - No longer supported and can be removed from the config.
2026-08-05 15:48:51,149 [WARNING] [MainThread] [deprecation/deprecation.py:136]: [DEPRECATED] StackConfig: 'animation' - Use CSS animations instead.
2026-08-05 15:48:51,149 [WARNING] [MainThread] [deprecation/deprecation.py:136]: [DEPRECATED] StackConfig: 'container_shadow' - Use CSS box-shadow instead.
2026-08-05 15:48:51,149 [WARNING] [MainThread] [deprecation/deprecation.py:136]: [DEPRECATED] StackConfig: 'btn_shadow' - Use CSS box-shadow instead.
2026-08-05 15:48:51,149 [WARNING] [MainThread] [deprecation/deprecation.py:136]: [DEPRECATED] StackConfig: 'label_shadow' - Use CSS text-shadow instead.
2026-08-05 15:48:51,151 [WARNING] [MainThread] [deprecation/deprecation.py:136]: [DEPRECATED] ApplicationsWidgetConfig: 'label_shadow' - Use CSS text-shadow instead.
2026-08-05 15:48:51,159 [WARNING] [MainThread] [deprecation/deprecation.py:136]: [DEPRECATED] ClockConfig: 'container_padding' - Use CSS padding instead.
2026-08-05 15:48:51,159 [WARNING] [MainThread] [deprecation/deprecation.py:136]: [DEPRECATED] ClockConfig: 'label_shadow' - Use CSS text-shadow instead.
2026-08-05 15:48:51,195 [WARNING] [MainThread] [deprecation/deprecation.py:136]: [DEPRECATED] WeatherWidgetConfig: 'label_shadow' - Use CSS text-shadow instead.
2026-08-05 15:48:51,224 [WARNING] [MainThread] [deprecation/deprecation.py:136]: [DEPRECATED] MediaWidgetConfig: 'label_shadow' - Use CSS text-shadow instead.
2026-08-05 15:48:51,227 [WARNING] [MainThread] [deprecation/deprecation.py:140]: [DEPRECATED] VolumeConfig: 'volume_icons' renamed to 'icons' - Use 'icons' with the dictionary format instead.
2026-08-05 15:48:51,227 [WARNING] [MainThread] [deprecation/deprecation.py:136]: [DEPRECATED] VolumeConfig: 'label_shadow' - Use CSS text-shadow instead.
2026-08-05 15:48:51,234 [INFO] [MainThread] [root/service.py:52]: AudioOutputService starting...
2026-08-05 15:48:51,262 [WARNING] [MainThread] [deprecation/deprecation.py:136]: [DEPRECATED] CpuConfig: 'label_shadow' - Use CSS text-shadow instead.
2026-08-05 15:48:51,274 [WARNING] [MainThread] [deprecation/deprecation.py:136]: [DEPRECATED] PowerPlanConfig: 'label_shadow' - Use CSS text-shadow instead.
2026-08-05 15:48:51,275 [WARNING] [MainThread] [deprecation/deprecation.py:136]: [DEPRECATED] PowerPlanConfig: 'container_shadow' - Use CSS box-shadow instead.
2026-08-05 15:48:51,278 [WARNING] [MainThread] [deprecation/deprecation.py:136]: [DEPRECATED] PowerMenuConfig: 'label_shadow' - Use CSS text-shadow instead.
2026-08-05 15:48:51,542 [INFO] [MainThread] [root/bar_manager.py:103]: Starting KomorebiEventListener...
2026-08-05 15:48:51,543 [INFO] [MainThread] [root/watcher.py:65]: Watching directory: c:\users\arvit\.config\yasb
2026-08-05 15:48:51,543 [INFO] [MainThread] [root/watcher.py:104]: Created file watcher
2026-08-05 15:48:51,543 [INFO] [Dummy-6] [root/event_listener.py:54]: Created named pipe yasb-dd3b5656-90b2-11f1-95ff-2c9c581268a6
2026-08-05 15:48:51,551 [INFO] [MainThread] [root/update_service.py:434]: Background update checker started
2026-08-05 15:48:51,589 [WARNING] [Dummy-6] [root/event_listener.py:136]: Komorebi failed to subscribe named pipe. 'komorebic.exe' is not recognized as an internal or external command, operable program or batch file.
2026-08-05 15:48:51,734 [INFO] [MainThread] [root/api.py:69]: Fetching new weather data at 2026-08-05 15:48:51.734362
2026-08-05 15:48:56,577 [WARNING] [MainThread] [deprecation/deprecation.py:136]: [DEPRECATED] BarAlignment: 'center' - Use 'align' instead.
2026-08-05 15:48:56,577 [WARNING] [MainThread] [deprecation/deprecation.py:136]: [DEPRECATED] BarBlurEffect: 'acrylic' - No longer supported and can be removed from the config.
2026-08-05 15:48:56,578 [INFO] [MainThread] [root/controller.py:21]: Reloading Application because of config change.
2026-08-05 15:48:56,682 [INFO] [MainThread] [cli_server/cli_server.py:114]: Log pipe server stopped
2026-08-05 15:48:56,686 [INFO] [MainThread] [root/bar_manager.py:93]: Successfully loaded updated config and re-initialised all bars.
2026-08-05 15:48:56,709 [INFO] [MainThread] [root/bar_manager.py:119]: Stopping KomorebiEventListener...
2026-08-05 15:48:56,936 [INFO] [MainThread] [root/log.py:104]: YASB v2.0.5
2026-08-05 15:48:56,937 [INFO] [CLIPipeServer] [cli_server/cli_server.py:216]: CLI server started v1.1.7
2026-08-05 15:48:56,937 [INFO] [MainThread] [cli_server/cli_server.py:106]: Log pipe server started
2026-08-05 15:48:56,967 [WARNING] [MainThread] [deprecation/deprecation.py:136]: [DEPRECATED] BarAlignment: 'center' - Use 'align' instead.
2026-08-05 15:48:56,968 [WARNING] [MainThread] [deprecation/deprecation.py:136]: [DEPRECATED] BarBlurEffect: 'acrylic' - No longer supported and can be removed from the config.
2026-08-05 15:48:57,006 [WARNING] [MainThread] [deprecation/deprecation.py:136]: [DEPRECATED] KomorebiControlWidgetConfig: 'label_shadow' - Use CSS text-shadow instead.
2026-08-05 15:48:57,007 [WARNING] [MainThread] [deprecation/deprecation.py:136]: [DEPRECATED] KomorebiWorkspacesConfig: 'animation' - Use CSS animations instead.
2026-08-05 15:48:57,007 [WARNING] [MainThread] [deprecation/deprecation.py:136]: [DEPRECATED] KomorebiWorkspacesConfig: 'container_padding' - Use CSS padding instead.
2026-08-05 15:48:57,007 [WARNING] [MainThread] [deprecation/deprecation.py:136]: [DEPRECATED] ActiveLayoutConfig: 'container_padding' - Use CSS padding instead.
2026-08-05 15:48:57,007 [WARNING] [MainThread] [deprecation/deprecation.py:140]: [DEPRECATED] ActiveLayoutIconsConfig: 'maximised' renamed to 'maximized' - Use 'maximized' instead.
2026-08-05 15:48:57,020 [WARNING] [MainThread] [deprecation/deprecation.py:136]: [DEPRECATED] GalleryConfig: 'lazy_load_delay' - No longer supported and can be removed from the config.
2026-08-05 15:48:57,020 [WARNING] [MainThread] [deprecation/deprecation.py:136]: [DEPRECATED] GalleryConfig: 'enable_cache' - No longer supported and can be removed from the config.
2026-08-05 15:48:57,028 [WARNING] [MainThread] [deprecation/deprecation.py:136]: [DEPRECATED] StackConfig: 'animation' - Use CSS animations instead.
2026-08-05 15:48:57,028 [WARNING] [MainThread] [deprecation/deprecation.py:136]: [DEPRECATED] StackConfig: 'container_shadow' - Use CSS box-shadow instead.
2026-08-05 15:48:57,028 [WARNING] [MainThread] [deprecation/deprecation.py:136]: [DEPRECATED] StackConfig: 'btn_shadow' - Use CSS box-shadow instead.
2026-08-05 15:48:57,028 [WARNING] [MainThread] [deprecation/deprecation.py:136]: [DEPRECATED] StackConfig: 'label_shadow' - Use CSS text-shadow instead.
2026-08-05 15:48:57,031 [WARNING] [MainThread] [deprecation/deprecation.py:136]: [DEPRECATED] ApplicationsWidgetConfig: 'label_shadow' - Use CSS text-shadow instead.
2026-08-05 15:48:57,039 [WARNING] [MainThread] [deprecation/deprecation.py:136]: [DEPRECATED] ClockConfig: 'container_padding' - Use CSS padding instead.
2026-08-05 15:48:57,039 [WARNING] [MainThread] [deprecation/deprecation.py:136]: [DEPRECATED] ClockConfig: 'label_shadow' - Use CSS text-shadow instead.
2026-08-05 15:48:57,074 [WARNING] [MainThread] [deprecation/deprecation.py:136]: [DEPRECATED] WeatherWidgetConfig: 'label_shadow' - Use CSS text-shadow instead.
2026-08-05 15:48:57,104 [WARNING] [MainThread] [deprecation/deprecation.py:136]: [DEPRECATED] MediaWidgetConfig: 'label_shadow' - Use CSS text-shadow instead.
2026-08-05 15:48:57,107 [WARNING] [MainThread] [deprecation/deprecation.py:140]: [DEPRECATED] VolumeConfig: 'volume_icons' renamed to 'icons' - Use 'icons' with the dictionary format instead.
2026-08-05 15:48:57,107 [WARNING] [MainThread] [deprecation/deprecation.py:136]: [DEPRECATED] VolumeConfig: 'label_shadow' - Use CSS text-shadow instead.
2026-08-05 15:48:57,113 [INFO] [MainThread] [root/service.py:52]: AudioOutputService starting...
2026-08-05 15:48:57,140 [WARNING] [MainThread] [deprecation/deprecation.py:136]: [DEPRECATED] CpuConfig: 'label_shadow' - Use CSS text-shadow instead.
2026-08-05 15:48:57,154 [WARNING] [MainThread] [deprecation/deprecation.py:136]: [DEPRECATED] PowerPlanConfig: 'label_shadow' - Use CSS text-shadow instead.
2026-08-05 15:48:57,154 [WARNING] [MainThread] [deprecation/deprecation.py:136]: [DEPRECATED] PowerPlanConfig: 'container_shadow' - Use CSS box-shadow instead.
2026-08-05 15:48:57,158 [WARNING] [MainThread] [deprecation/deprecation.py:136]: [DEPRECATED] PowerMenuConfig: 'label_shadow' - Use CSS text-shadow instead.
2026-08-05 15:48:57,424 [INFO] [MainThread] [root/bar_manager.py:103]: Starting KomorebiEventListener...
2026-08-05 15:48:57,425 [INFO] [Dummy-5] [root/event_listener.py:54]: Created named pipe yasb-e0bcd9e0-90b2-11f1-8f21-2c9c581268a6
2026-08-05 15:48:57,425 [INFO] [MainThread] [root/watcher.py:65]: Watching directory: c:\users\arvit\.config\yasb
2026-08-05 15:48:57,425 [INFO] [MainThread] [root/watcher.py:104]: Created file watcher
2026-08-05 15:48:57,433 [INFO] [MainThread] [root/update_service.py:434]: Background update checker started
2026-08-05 15:48:57,465 [WARNING] [Dummy-5] [root/event_listener.py:136]: Komorebi failed to subscribe named pipe. 'komorebic.exe' is not recognized as an internal or external command, operable program or batch file.
2026-08-05 15:48:57,776 [INFO] [MainThread] [root/api.py:69]: Fetching new weather data at 2026-08-05 15:48:57.776502
2026-08-05 15:50:23,762 [WARNING] [MainThread] [deprecation/deprecation.py:136]: [DEPRECATED] BarAlignment: 'center' - Use 'align' instead.
2026-08-05 15:50:23,762 [WARNING] [MainThread] [deprecation/deprecation.py:136]: [DEPRECATED] BarBlurEffect: 'acrylic' - No longer supported and can be removed from the config.
2026-08-05 15:50:23,762 [INFO] [MainThread] [root/controller.py:21]: Reloading Application because of config change.
2026-08-05 15:50:23,870 [INFO] [MainThread] [cli_server/cli_server.py:114]: Log pipe server stopped
2026-08-05 15:50:23,874 [INFO] [MainThread] [root/bar_manager.py:93]: Successfully loaded updated config and re-initialised all bars.
2026-08-05 15:50:23,900 [INFO] [MainThread] [root/bar_manager.py:119]: Stopping KomorebiEventListener...
2026-08-05 15:50:24,131 [INFO] [MainThread] [root/log.py:104]: YASB v2.0.5
2026-08-05 15:50:24,131 [INFO] [CLIPipeServer] [cli_server/cli_server.py:216]: CLI server started v1.1.7
2026-08-05 15:50:24,131 [INFO] [MainThread] [cli_server/cli_server.py:106]: Log pipe server started
2026-08-05 15:50:24,162 [WARNING] [MainThread] [deprecation/deprecation.py:136]: [DEPRECATED] BarAlignment: 'center' - Use 'align' instead.
2026-08-05 15:50:24,162 [WARNING] [MainThread] [deprecation/deprecation.py:136]: [DEPRECATED] BarBlurEffect: 'acrylic' - No longer supported and can be removed from the config.
2026-08-05 15:50:24,199 [WARNING] [MainThread] [deprecation/deprecation.py:136]: [DEPRECATED] KomorebiControlWidgetConfig: 'label_shadow' - Use CSS text-shadow instead.
2026-08-05 15:50:24,200 [WARNING] [MainThread] [deprecation/deprecation.py:136]: [DEPRECATED] KomorebiWorkspacesConfig: 'animation' - Use CSS animations instead.
2026-08-05 15:50:24,200 [WARNING] [MainThread] [deprecation/deprecation.py:136]: [DEPRECATED] KomorebiWorkspacesConfig: 'container_padding' - Use CSS padding instead.
2026-08-05 15:50:24,201 [WARNING] [MainThread] [deprecation/deprecation.py:136]: [DEPRECATED] ActiveLayoutConfig: 'container_padding' - Use CSS padding instead.
2026-08-05 15:50:24,201 [WARNING] [MainThread] [deprecation/deprecation.py:140]: [DEPRECATED] ActiveLayoutIconsConfig: 'maximised' renamed to 'maximized' - Use 'maximized' instead.
2026-08-05 15:50:24,213 [WARNING] [MainThread] [deprecation/deprecation.py:136]: [DEPRECATED] GalleryConfig: 'lazy_load_delay' - No longer supported and can be removed from the config.
2026-08-05 15:50:24,213 [WARNING] [MainThread] [deprecation/deprecation.py:136]: [DEPRECATED] GalleryConfig: 'enable_cache' - No longer supported and can be removed from the config.
2026-08-05 15:50:24,221 [WARNING] [MainThread] [deprecation/deprecation.py:136]: [DEPRECATED] StackConfig: 'animation' - Use CSS animations instead.
2026-08-05 15:50:24,221 [WARNING] [MainThread] [deprecation/deprecation.py:136]: [DEPRECATED] StackConfig: 'container_shadow' - Use CSS box-shadow instead.
2026-08-05 15:50:24,221 [WARNING] [MainThread] [deprecation/deprecation.py:136]: [DEPRECATED] StackConfig: 'btn_shadow' - Use CSS box-shadow instead.
2026-08-05 15:50:24,221 [WARNING] [MainThread] [deprecation/deprecation.py:136]: [DEPRECATED] StackConfig: 'label_shadow' - Use CSS text-shadow instead.
2026-08-05 15:50:24,223 [WARNING] [MainThread] [deprecation/deprecation.py:136]: [DEPRECATED] ApplicationsWidgetConfig: 'label_shadow' - Use CSS text-shadow instead.
2026-08-05 15:50:24,231 [WARNING] [MainThread] [deprecation/deprecation.py:136]: [DEPRECATED] ClockConfig: 'container_padding' - Use CSS padding instead.
2026-08-05 15:50:24,231 [WARNING] [MainThread] [deprecation/deprecation.py:136]: [DEPRECATED] ClockConfig: 'label_shadow' - Use CSS text-shadow instead.
2026-08-05 15:50:24,267 [WARNING] [MainThread] [deprecation/deprecation.py:136]: [DEPRECATED] WeatherWidgetConfig: 'label_shadow' - Use CSS text-shadow instead.
2026-08-05 15:50:24,296 [WARNING] [MainThread] [deprecation/deprecation.py:136]: [DEPRECATED] MediaWidgetConfig: 'label_shadow' - Use CSS text-shadow instead.
2026-08-05 15:50:24,299 [WARNING] [MainThread] [deprecation/deprecation.py:140]: [DEPRECATED] VolumeConfig: 'volume_icons' renamed to 'icons' - Use 'icons' with the dictionary format instead.
2026-08-05 15:50:24,299 [WARNING] [MainThread] [deprecation/deprecation.py:136]: [DEPRECATED] VolumeConfig: 'label_shadow' - Use CSS text-shadow instead.
2026-08-05 15:50:24,306 [INFO] [MainThread] [root/service.py:52]: AudioOutputService starting...
2026-08-05 15:50:24,332 [WARNING] [MainThread] [deprecation/deprecation.py:136]: [DEPRECATED] CpuConfig: 'label_shadow' - Use CSS text-shadow instead.
2026-08-05 15:50:24,347 [WARNING] [MainThread] [deprecation/deprecation.py:136]: [DEPRECATED] PowerPlanConfig: 'label_shadow' - Use CSS text-shadow instead.
2026-08-05 15:50:24,347 [WARNING] [MainThread] [deprecation/deprecation.py:136]: [DEPRECATED] PowerPlanConfig: 'container_shadow' - Use CSS box-shadow instead.
2026-08-05 15:50:24,606 [INFO] [MainThread] [root/bar_manager.py:103]: Starting KomorebiEventListener...
2026-08-05 15:50:24,607 [INFO] [MainThread] [root/watcher.py:65]: Watching directory: c:\users\arvit\.config\yasb
2026-08-05 15:50:24,607 [INFO] [MainThread] [root/watcher.py:104]: Created file watcher
2026-08-05 15:50:24,607 [INFO] [Dummy-6] [root/event_listener.py:54]: Created named pipe yasb-14b3c787-90b3-11f1-b5a8-2c9c581268a6
2026-08-05 15:50:24,617 [INFO] [MainThread] [root/update_service.py:434]: Background update checker started
2026-08-05 15:50:24,647 [WARNING] [Dummy-6] [root/event_listener.py:136]: Komorebi failed to subscribe named pipe. 'komorebic.exe' is not recognized as an internal or external command, operable program or batch file.
2026-08-05 15:50:24,817 [INFO] [MainThread] [root/api.py:69]: Fetching new weather data at 2026-08-05 15:50:24.817891
2026-08-05 16:00:24,593 [INFO] [MainThread] [root/api.py:69]: Fetching new weather data at 2026-08-05 16:00:24.593864
2026-08-05 16:05:27,092 [INFO] [MainThread] [root/controller.py:43]: Exiting Application from tray...
2026-08-05 16:05:27,202 [INFO] [MainThread] [cli_server/cli_server.py:114]: Log pipe server stopped
2026-08-05 16:05:27,239 [INFO] [MainThread] [root/bar_manager.py:119]: Stopping KomorebiEventListener...
2026-08-05 16:05:28,737 [INFO] [MainThread] [root/log.py:104]: YASB v2.0.5
2026-08-05 16:05:28,738 [INFO] [CLIPipeServer] [cli_server/cli_server.py:216]: CLI server started v1.1.7
2026-08-05 16:05:28,738 [INFO] [MainThread] [cli_server/cli_server.py:106]: Log pipe server started
2026-08-05 16:05:28,769 [WARNING] [MainThread] [deprecation/deprecation.py:136]: [DEPRECATED] BarAlignment: 'center' - Use 'align' instead.
2026-08-05 16:05:28,769 [WARNING] [MainThread] [deprecation/deprecation.py:136]: [DEPRECATED] BarBlurEffect: 'acrylic' - No longer supported and can be removed from the config.
2026-08-05 16:05:28,808 [WARNING] [MainThread] [deprecation/deprecation.py:136]: [DEPRECATED] KomorebiControlWidgetConfig: 'label_shadow' - Use CSS text-shadow instead.
2026-08-05 16:05:28,808 [WARNING] [MainThread] [deprecation/deprecation.py:136]: [DEPRECATED] KomorebiWorkspacesConfig: 'animation' - Use CSS animations instead.
2026-08-05 16:05:28,809 [WARNING] [MainThread] [deprecation/deprecation.py:136]: [DEPRECATED] KomorebiWorkspacesConfig: 'container_padding' - Use CSS padding instead.
2026-08-05 16:05:28,809 [WARNING] [MainThread] [deprecation/deprecation.py:136]: [DEPRECATED] ActiveLayoutConfig: 'container_padding' - Use CSS padding instead.
2026-08-05 16:05:28,809 [WARNING] [MainThread] [deprecation/deprecation.py:140]: [DEPRECATED] ActiveLayoutIconsConfig: 'maximised' renamed to 'maximized' - Use 'maximized' instead.
2026-08-05 16:05:28,822 [WARNING] [MainThread] [deprecation/deprecation.py:136]: [DEPRECATED] GalleryConfig: 'lazy_load_delay' - No longer supported and can be removed from the config.
2026-08-05 16:05:28,822 [WARNING] [MainThread] [deprecation/deprecation.py:136]: [DEPRECATED] GalleryConfig: 'enable_cache' - No longer supported and can be removed from the config.
2026-08-05 16:05:28,830 [WARNING] [MainThread] [deprecation/deprecation.py:136]: [DEPRECATED] StackConfig: 'animation' - Use CSS animations instead.
2026-08-05 16:05:28,830 [WARNING] [MainThread] [deprecation/deprecation.py:136]: [DEPRECATED] StackConfig: 'container_shadow' - Use CSS box-shadow instead.
2026-08-05 16:05:28,830 [WARNING] [MainThread] [deprecation/deprecation.py:136]: [DEPRECATED] StackConfig: 'btn_shadow' - Use CSS box-shadow instead.
2026-08-05 16:05:28,830 [WARNING] [MainThread] [deprecation/deprecation.py:136]: [DEPRECATED] StackConfig: 'label_shadow' - Use CSS text-shadow instead.
2026-08-05 16:05:28,832 [WARNING] [MainThread] [deprecation/deprecation.py:136]: [DEPRECATED] ApplicationsWidgetConfig: 'label_shadow' - Use CSS text-shadow instead.
2026-08-05 16:05:28,841 [WARNING] [MainThread] [deprecation/deprecation.py:136]: [DEPRECATED] ClockConfig: 'container_padding' - Use CSS padding instead.
2026-08-05 16:05:28,841 [WARNING] [MainThread] [deprecation/deprecation.py:136]: [DEPRECATED] ClockConfig: 'label_shadow' - Use CSS text-shadow instead.
2026-08-05 16:05:28,877 [WARNING] [MainThread] [deprecation/deprecation.py:136]: [DEPRECATED] WeatherWidgetConfig: 'label_shadow' - Use CSS text-shadow instead.
2026-08-05 16:05:28,907 [WARNING] [MainThread] [deprecation/deprecation.py:136]: [DEPRECATED] MediaWidgetConfig: 'label_shadow' - Use CSS text-shadow instead.
2026-08-05 16:05:28,911 [WARNING] [MainThread] [deprecation/deprecation.py:140]: [DEPRECATED] VolumeConfig: 'volume_icons' renamed to 'icons' - Use 'icons' with the dictionary format instead.
2026-08-05 16:05:28,911 [WARNING] [MainThread] [deprecation/deprecation.py:136]: [DEPRECATED] VolumeConfig: 'label_shadow' - Use CSS text-shadow instead.
2026-08-05 16:05:28,918 [INFO] [MainThread] [root/service.py:52]: AudioOutputService starting...
2026-08-05 16:05:28,945 [WARNING] [MainThread] [deprecation/deprecation.py:136]: [DEPRECATED] CpuConfig: 'label_shadow' - Use CSS text-shadow instead.
2026-08-05 16:05:28,959 [WARNING] [MainThread] [deprecation/deprecation.py:136]: [DEPRECATED] PowerPlanConfig: 'label_shadow' - Use CSS text-shadow instead.
2026-08-05 16:05:28,959 [WARNING] [MainThread] [deprecation/deprecation.py:136]: [DEPRECATED] PowerPlanConfig: 'container_shadow' - Use CSS box-shadow instead.
2026-08-05 16:05:29,233 [INFO] [MainThread] [root/bar_manager.py:103]: Starting KomorebiEventListener...
2026-08-05 16:05:29,234 [INFO] [MainThread] [root/watcher.py:65]: Watching directory: c:\users\arvit\.config\yasb
2026-08-05 16:05:29,234 [INFO] [MainThread] [root/watcher.py:104]: Created file watcher
2026-08-05 16:05:29,234 [INFO] [Dummy-6] [root/event_listener.py:54]: Created named pipe yasb-2fe6e439-90b5-11f1-b73f-2c9c581268a6
2026-08-05 16:05:29,246 [INFO] [MainThread] [root/update_service.py:434]: Background update checker started
2026-08-05 16:05:29,500 [WARNING] [Dummy-6] [root/event_listener.py:136]: Komorebi failed to subscribe named pipe. Error: A socket operation encountered a dead network. (os error 10050) Location: komorebic\src\main.rs:3157:13
2026-08-05 16:05:29,639 [INFO] [MainThread] [root/api.py:69]: Fetching new weather data at 2026-08-05 16:05:29.639451
2026-08-05 16:05:39,600 [INFO] [Dummy-6] [root/event_listener.py:147]: Komorebi connected to named pipe: yasb-2fe6e439-90b5-11f1-b73f-2c9c581268a6
2026-08-05 16:11:57,729 [WARNING] [Dummy-6] [root/event_listener.py:95]: Pipe has been ended: (109, 'PeekNamedPipe', 'The pipe has been ended.')
2026-08-05 16:11:57,730 [INFO] [Dummy-6] [root/event_listener.py:107]: Attempting to reconnect to Komorebi...
2026-08-05 16:12:00,740 [INFO] [Dummy-6] [root/event_listener.py:54]: Created named pipe yasb-2fe6e439-90b5-11f1-b73f-2c9c581268a6
2026-08-05 16:12:00,784 [INFO] [Dummy-6] [root/event_listener.py:147]: Komorebi connected to named pipe: yasb-2fe6e439-90b5-11f1-b73f-2c9c581268a6
2026-08-05 16:12:38,934 [INFO] [MainThread] [root/bar_manager.py:119]: Stopping KomorebiEventListener...
2026-08-05 16:13:36,156 [INFO] [MainThread] [root/log.py:104]: YASB v2.0.5
2026-08-05 16:13:36,156 [INFO] [CLIPipeServer] [cli_server/cli_server.py:216]: CLI server started v1.1.7
2026-08-05 16:13:36,157 [INFO] [MainThread] [cli_server/cli_server.py:106]: Log pipe server started
2026-08-05 16:13:36,220 [WARNING] [MainThread] [deprecation/deprecation.py:136]: [DEPRECATED] BarAlignment: 'center' - Use 'align' instead.
2026-08-05 16:13:36,220 [WARNING] [MainThread] [deprecation/deprecation.py:136]: [DEPRECATED] BarBlurEffect: 'acrylic' - No longer supported and can be removed from the config.
2026-08-05 16:13:36,345 [WARNING] [MainThread] [deprecation/deprecation.py:136]: [DEPRECATED] KomorebiControlWidgetConfig: 'label_shadow' - Use CSS text-shadow instead.
2026-08-05 16:13:36,348 [WARNING] [MainThread] [deprecation/deprecation.py:136]: [DEPRECATED] KomorebiWorkspacesConfig: 'animation' - Use CSS animations instead.
2026-08-05 16:13:36,348 [WARNING] [MainThread] [deprecation/deprecation.py:136]: [DEPRECATED] KomorebiWorkspacesConfig: 'container_padding' - Use CSS padding instead.
2026-08-05 16:13:36,349 [WARNING] [MainThread] [deprecation/deprecation.py:136]: [DEPRECATED] ActiveLayoutConfig: 'container_padding' - Use CSS padding instead.
2026-08-05 16:13:36,349 [WARNING] [MainThread] [deprecation/deprecation.py:140]: [DEPRECATED] ActiveLayoutIconsConfig: 'maximised' renamed to 'maximized' - Use 'maximized' instead.
2026-08-05 16:13:36,382 [WARNING] [MainThread] [deprecation/deprecation.py:136]: [DEPRECATED] GalleryConfig: 'lazy_load_delay' - No longer supported and can be removed from the config.
2026-08-05 16:13:36,382 [WARNING] [MainThread] [deprecation/deprecation.py:136]: [DEPRECATED] GalleryConfig: 'enable_cache' - No longer supported and can be removed from the config.
2026-08-05 16:13:36,391 [WARNING] [MainThread] [deprecation/deprecation.py:136]: [DEPRECATED] StackConfig: 'animation' - Use CSS animations instead.
2026-08-05 16:13:36,391 [WARNING] [MainThread] [deprecation/deprecation.py:136]: [DEPRECATED] StackConfig: 'container_shadow' - Use CSS box-shadow instead.
2026-08-05 16:13:36,391 [WARNING] [MainThread] [deprecation/deprecation.py:136]: [DEPRECATED] StackConfig: 'btn_shadow' - Use CSS box-shadow instead.
2026-08-05 16:13:36,391 [WARNING] [MainThread] [deprecation/deprecation.py:136]: [DEPRECATED] StackConfig: 'label_shadow' - Use CSS text-shadow instead.
2026-08-05 16:13:36,394 [WARNING] [MainThread] [deprecation/deprecation.py:136]: [DEPRECATED] ApplicationsWidgetConfig: 'label_shadow' - Use CSS text-shadow instead.
2026-08-05 16:13:36,419 [WARNING] [MainThread] [deprecation/deprecation.py:136]: [DEPRECATED] ClockConfig: 'container_padding' - Use CSS padding instead.
2026-08-05 16:13:36,419 [WARNING] [MainThread] [deprecation/deprecation.py:136]: [DEPRECATED] ClockConfig: 'label_shadow' - Use CSS text-shadow instead.
2026-08-05 16:13:36,495 [WARNING] [MainThread] [deprecation/deprecation.py:136]: [DEPRECATED] WeatherWidgetConfig: 'label_shadow' - Use CSS text-shadow instead.
2026-08-05 16:13:36,600 [WARNING] [MainThread] [deprecation/deprecation.py:136]: [DEPRECATED] MediaWidgetConfig: 'label_shadow' - Use CSS text-shadow instead.
2026-08-05 16:13:36,604 [WARNING] [MainThread] [deprecation/deprecation.py:140]: [DEPRECATED] VolumeConfig: 'volume_icons' renamed to 'icons' - Use 'icons' with the dictionary format instead.
2026-08-05 16:13:36,604 [WARNING] [MainThread] [deprecation/deprecation.py:136]: [DEPRECATED] VolumeConfig: 'label_shadow' - Use CSS text-shadow instead.
2026-08-05 16:13:36,610 [INFO] [MainThread] [root/service.py:52]: AudioOutputService starting...
2026-08-05 16:13:36,642 [WARNING] [MainThread] [deprecation/deprecation.py:136]: [DEPRECATED] CpuConfig: 'label_shadow' - Use CSS text-shadow instead.
2026-08-05 16:13:36,669 [WARNING] [MainThread] [deprecation/deprecation.py:136]: [DEPRECATED] PowerPlanConfig: 'label_shadow' - Use CSS text-shadow instead.
2026-08-05 16:13:36,669 [WARNING] [MainThread] [deprecation/deprecation.py:136]: [DEPRECATED] PowerPlanConfig: 'container_shadow' - Use CSS box-shadow instead.
2026-08-05 16:13:37,080 [INFO] [MainThread] [root/bar_manager.py:103]: Starting KomorebiEventListener...
2026-08-05 16:13:37,081 [INFO] [Dummy-5] [root/event_listener.py:54]: Created named pipe yasb-52ae6f27-90b6-11f1-ab2a-2c9c581268a6
2026-08-05 16:13:37,081 [INFO] [MainThread] [root/watcher.py:65]: Watching directory: c:\users\arvit\.config\yasb
2026-08-05 16:13:37,081 [INFO] [MainThread] [root/watcher.py:104]: Created file watcher
2026-08-05 16:13:37,097 [INFO] [MainThread] [root/update_service.py:434]: Background update checker started
2026-08-05 16:13:37,152 [INFO] [Dummy-5] [root/event_listener.py:147]: Komorebi connected to named pipe: yasb-52ae6f27-90b6-11f1-ab2a-2c9c581268a6
2026-08-05 16:13:37,496 [INFO] [MainThread] [root/api.py:69]: Fetching new weather data at 2026-08-05 16:13:37.496216
2026-08-05 16:14:31,081 [INFO] [MainThread] [root/bar_helper.py:594]: AppBarManager need to re-register 1 bar
2026-08-05 16:14:31,150 [INFO] [MainThread] [root/bar_helper.py:603]: Re-registered AppBar for status-bar_XG27AQWMG_4e1f8882 (space reservation + fullscreen)
2026-08-05 16:16:42,499 [WARNING] [Dummy-5] [root/event_listener.py:95]: Pipe has been ended: (109, 'PeekNamedPipe', 'The pipe has been ended.')
2026-08-05 16:16:42,499 [INFO] [Dummy-5] [root/event_listener.py:107]: Attempting to reconnect to Komorebi...
2026-08-05 16:16:45,506 [INFO] [Dummy-5] [root/event_listener.py:54]: Created named pipe yasb-52ae6f27-90b6-11f1-ab2a-2c9c581268a6
2026-08-05 16:16:45,551 [INFO] [Dummy-5] [root/event_listener.py:147]: Komorebi connected to named pipe: yasb-52ae6f27-90b6-11f1-ab2a-2c9c581268a6
2026-08-05 16:23:36,826 [INFO] [MainThread] [root/api.py:69]: Fetching new weather data at 2026-08-05 16:23:36.825995
2026-08-05 16:26:28,574 [WARNING] [Dummy-5] [root/event_listener.py:95]: Pipe has been ended: (109, 'PeekNamedPipe', 'The pipe has been ended.')
2026-08-05 16:26:28,574 [INFO] [Dummy-5] [root/event_listener.py:107]: Attempting to reconnect to Komorebi...
2026-08-05 16:26:31,575 [INFO] [Dummy-5] [root/event_listener.py:54]: Created named pipe yasb-52ae6f27-90b6-11f1-ab2a-2c9c581268a6
2026-08-05 16:26:31,618 [INFO] [Dummy-5] [root/event_listener.py:147]: Komorebi connected to named pipe: yasb-52ae6f27-90b6-11f1-ab2a-2c9c581268a6
2026-08-05 16:28:26,161 [INFO] [MainThread] [root/controller.py:43]: Exiting Application from tray...
2026-08-05 16:28:26,272 [INFO] [MainThread] [cli_server/cli_server.py:114]: Log pipe server stopped
2026-08-05 16:28:26,347 [INFO] [MainThread] [root/bar_manager.py:119]: Stopping KomorebiEventListener...
2026-08-05 16:28:28,025 [INFO] [MainThread] [root/log.py:104]: YASB v2.0.5
2026-08-05 16:28:28,025 [INFO] [CLIPipeServer] [cli_server/cli_server.py:216]: CLI server started v1.1.7
2026-08-05 16:28:28,025 [INFO] [MainThread] [cli_server/cli_server.py:106]: Log pipe server started
2026-08-05 16:28:28,056 [WARNING] [MainThread] [deprecation/deprecation.py:136]: [DEPRECATED] BarAlignment: 'center' - Use 'align' instead.
2026-08-05 16:28:28,056 [WARNING] [MainThread] [deprecation/deprecation.py:136]: [DEPRECATED] BarBlurEffect: 'acrylic' - No longer supported and can be removed from the config.
2026-08-05 16:28:28,095 [WARNING] [MainThread] [deprecation/deprecation.py:136]: [DEPRECATED] KomorebiControlWidgetConfig: 'label_shadow' - Use CSS text-shadow instead.
2026-08-05 16:28:28,096 [WARNING] [MainThread] [deprecation/deprecation.py:136]: [DEPRECATED] KomorebiWorkspacesConfig: 'animation' - Use CSS animations instead.
2026-08-05 16:28:28,096 [WARNING] [MainThread] [deprecation/deprecation.py:136]: [DEPRECATED] KomorebiWorkspacesConfig: 'container_padding' - Use CSS padding instead.
2026-08-05 16:28:28,096 [WARNING] [MainThread] [deprecation/deprecation.py:136]: [DEPRECATED] ActiveLayoutConfig: 'container_padding' - Use CSS padding instead.
2026-08-05 16:28:28,096 [WARNING] [MainThread] [deprecation/deprecation.py:140]: [DEPRECATED] ActiveLayoutIconsConfig: 'maximised' renamed to 'maximized' - Use 'maximized' instead.
2026-08-05 16:28:28,109 [WARNING] [MainThread] [deprecation/deprecation.py:136]: [DEPRECATED] GalleryConfig: 'lazy_load_delay' - No longer supported and can be removed from the config.
2026-08-05 16:28:28,109 [WARNING] [MainThread] [deprecation/deprecation.py:136]: [DEPRECATED] GalleryConfig: 'enable_cache' - No longer supported and can be removed from the config.
2026-08-05 16:28:28,117 [WARNING] [MainThread] [deprecation/deprecation.py:136]: [DEPRECATED] StackConfig: 'animation' - Use CSS animations instead.
2026-08-05 16:28:28,117 [WARNING] [MainThread] [deprecation/deprecation.py:136]: [DEPRECATED] StackConfig: 'container_shadow' - Use CSS box-shadow instead.
2026-08-05 16:28:28,117 [WARNING] [MainThread] [deprecation/deprecation.py:136]: [DEPRECATED] StackConfig: 'btn_shadow' - Use CSS box-shadow instead.
2026-08-05 16:28:28,117 [WARNING] [MainThread] [deprecation/deprecation.py:136]: [DEPRECATED] StackConfig: 'label_shadow' - Use CSS text-shadow instead.
2026-08-05 16:28:28,119 [WARNING] [MainThread] [deprecation/deprecation.py:136]: [DEPRECATED] ApplicationsWidgetConfig: 'label_shadow' - Use CSS text-shadow instead.
2026-08-05 16:28:28,127 [WARNING] [MainThread] [deprecation/deprecation.py:136]: [DEPRECATED] ClockConfig: 'container_padding' - Use CSS padding instead.
2026-08-05 16:28:28,127 [WARNING] [MainThread] [deprecation/deprecation.py:136]: [DEPRECATED] ClockConfig: 'label_shadow' - Use CSS text-shadow instead.
2026-08-05 16:28:28,163 [WARNING] [MainThread] [deprecation/deprecation.py:136]: [DEPRECATED] WeatherWidgetConfig: 'label_shadow' - Use CSS text-shadow instead.
2026-08-05 16:28:28,192 [WARNING] [MainThread] [deprecation/deprecation.py:136]: [DEPRECATED] MediaWidgetConfig: 'label_shadow' - Use CSS text-shadow instead.
2026-08-05 16:28:28,195 [WARNING] [MainThread] [deprecation/deprecation.py:140]: [DEPRECATED] VolumeConfig: 'volume_icons' renamed to 'icons' - Use 'icons' with the dictionary format instead.
2026-08-05 16:28:28,195 [WARNING] [MainThread] [deprecation/deprecation.py:136]: [DEPRECATED] VolumeConfig: 'label_shadow' - Use CSS text-shadow instead.
2026-08-05 16:28:28,202 [INFO] [MainThread] [root/service.py:52]: AudioOutputService starting...
2026-08-05 16:28:28,229 [WARNING] [MainThread] [deprecation/deprecation.py:136]: [DEPRECATED] CpuConfig: 'label_shadow' - Use CSS text-shadow instead.
2026-08-05 16:28:28,244 [WARNING] [MainThread] [deprecation/deprecation.py:136]: [DEPRECATED] PowerPlanConfig: 'label_shadow' - Use CSS text-shadow instead.
2026-08-05 16:28:28,244 [WARNING] [MainThread] [deprecation/deprecation.py:136]: [DEPRECATED] PowerPlanConfig: 'container_shadow' - Use CSS box-shadow instead.
2026-08-05 16:28:28,550 [INFO] [MainThread] [root/bar_manager.py:103]: Starting KomorebiEventListener...
2026-08-05 16:28:28,550 [INFO] [Dummy-4] [root/event_listener.py:54]: Created named pipe yasb-6609e6d0-90b8-11f1-b69a-2c9c581268a6
2026-08-05 16:28:28,551 [INFO] [MainThread] [root/watcher.py:65]: Watching directory: c:\users\arvit\.config\yasb
2026-08-05 16:28:28,551 [INFO] [MainThread] [root/watcher.py:104]: Created file watcher
2026-08-05 16:28:28,559 [INFO] [MainThread] [root/update_service.py:434]: Background update checker started
2026-08-05 16:28:28,606 [INFO] [Dummy-4] [root/event_listener.py:147]: Komorebi connected to named pipe: yasb-6609e6d0-90b8-11f1-b69a-2c9c581268a6
2026-08-05 16:28:28,951 [INFO] [MainThread] [root/api.py:69]: Fetching new weather data at 2026-08-05 16:28:28.951068
2026-08-05 16:28:36,878 [WARNING] [Dummy-4] [root/event_listener.py:95]: Pipe has been ended: (109, 'PeekNamedPipe', 'The pipe has been ended.')
2026-08-05 16:28:36,879 [INFO] [Dummy-4] [root/event_listener.py:107]: Attempting to reconnect to Komorebi...
2026-08-05 16:28:39,883 [INFO] [Dummy-4] [root/event_listener.py:54]: Created named pipe yasb-6609e6d0-90b8-11f1-b69a-2c9c581268a6
2026-08-05 16:28:39,929 [INFO] [Dummy-4] [root/event_listener.py:147]: Komorebi connected to named pipe: yasb-6609e6d0-90b8-11f1-b69a-2c9c581268a6
2026-08-05 16:29:16,878 [WARNING] [Dummy-4] [root/event_listener.py:95]: Pipe has been ended: (109, 'PeekNamedPipe', 'The pipe has been ended.')
2026-08-05 16:29:16,878 [INFO] [Dummy-4] [root/event_listener.py:107]: Attempting to reconnect to Komorebi...
2026-08-05 16:29:29,256 [INFO] [MainThread] [root/log.py:104]: YASB v2.0.5
2026-08-05 16:29:29,256 [INFO] [CLIPipeServer] [cli_server/cli_server.py:216]: CLI server started v1.1.7
2026-08-05 16:29:29,256 [INFO] [MainThread] [cli_server/cli_server.py:106]: Log pipe server started
2026-08-05 16:29:29,287 [WARNING] [MainThread] [deprecation/deprecation.py:136]: [DEPRECATED] BarAlignment: 'center' - Use 'align' instead.
2026-08-05 16:29:29,287 [WARNING] [MainThread] [deprecation/deprecation.py:136]: [DEPRECATED] BarBlurEffect: 'acrylic' - No longer supported and can be removed from the config.
2026-08-05 16:29:29,324 [WARNING] [MainThread] [deprecation/deprecation.py:136]: [DEPRECATED] KomorebiControlWidgetConfig: 'label_shadow' - Use CSS text-shadow instead.
2026-08-05 16:29:29,325 [WARNING] [MainThread] [deprecation/deprecation.py:136]: [DEPRECATED] KomorebiWorkspacesConfig: 'animation' - Use CSS animations instead.
2026-08-05 16:29:29,325 [WARNING] [MainThread] [deprecation/deprecation.py:136]: [DEPRECATED] KomorebiWorkspacesConfig: 'container_padding' - Use CSS padding instead.
2026-08-05 16:29:29,326 [WARNING] [MainThread] [deprecation/deprecation.py:136]: [DEPRECATED] ActiveLayoutConfig: 'container_padding' - Use CSS padding instead.
2026-08-05 16:29:29,326 [WARNING] [MainThread] [deprecation/deprecation.py:140]: [DEPRECATED] ActiveLayoutIconsConfig: 'maximised' renamed to 'maximized' - Use 'maximized' instead.
2026-08-05 16:29:29,338 [WARNING] [MainThread] [deprecation/deprecation.py:136]: [DEPRECATED] GalleryConfig: 'lazy_load_delay' - No longer supported and can be removed from the config.
2026-08-05 16:29:29,338 [WARNING] [MainThread] [deprecation/deprecation.py:136]: [DEPRECATED] GalleryConfig: 'enable_cache' - No longer supported and can be removed from the config.
2026-08-05 16:29:29,346 [WARNING] [MainThread] [deprecation/deprecation.py:136]: [DEPRECATED] StackConfig: 'animation' - Use CSS animations instead.
2026-08-05 16:29:29,346 [WARNING] [MainThread] [deprecation/deprecation.py:136]: [DEPRECATED] StackConfig: 'container_shadow' - Use CSS box-shadow instead.
2026-08-05 16:29:29,346 [WARNING] [MainThread] [deprecation/deprecation.py:136]: [DEPRECATED] StackConfig: 'btn_shadow' - Use CSS box-shadow instead.
2026-08-05 16:29:29,346 [WARNING] [MainThread] [deprecation/deprecation.py:136]: [DEPRECATED] StackConfig: 'label_shadow' - Use CSS text-shadow instead.
2026-08-05 16:29:29,348 [WARNING] [MainThread] [deprecation/deprecation.py:136]: [DEPRECATED] ApplicationsWidgetConfig: 'label_shadow' - Use CSS text-shadow instead.
2026-08-05 16:29:29,356 [WARNING] [MainThread] [deprecation/deprecation.py:136]: [DEPRECATED] ClockConfig: 'container_padding' - Use CSS padding instead.
2026-08-05 16:29:29,356 [WARNING] [MainThread] [deprecation/deprecation.py:136]: [DEPRECATED] ClockConfig: 'label_shadow' - Use CSS text-shadow instead.
2026-08-05 16:29:29,392 [WARNING] [MainThread] [deprecation/deprecation.py:136]: [DEPRECATED] WeatherWidgetConfig: 'label_shadow' - Use CSS text-shadow instead.
2026-08-05 16:29:29,422 [WARNING] [MainThread] [deprecation/deprecation.py:136]: [DEPRECATED] MediaWidgetConfig: 'label_shadow' - Use CSS text-shadow instead.
2026-08-05 16:29:29,425 [WARNING] [MainThread] [deprecation/deprecation.py:140]: [DEPRECATED] VolumeConfig: 'volume_icons' renamed to 'icons' - Use 'icons' with the dictionary format instead.
2026-08-05 16:29:29,425 [WARNING] [MainThread] [deprecation/deprecation.py:136]: [DEPRECATED] VolumeConfig: 'label_shadow' - Use CSS text-shadow instead.
2026-08-05 16:29:29,432 [INFO] [MainThread] [root/service.py:52]: AudioOutputService starting...
2026-08-05 16:29:29,457 [WARNING] [MainThread] [deprecation/deprecation.py:136]: [DEPRECATED] CpuConfig: 'label_shadow' - Use CSS text-shadow instead.
2026-08-05 16:29:29,469 [WARNING] [MainThread] [deprecation/deprecation.py:136]: [DEPRECATED] PowerPlanConfig: 'label_shadow' - Use CSS text-shadow instead.
2026-08-05 16:29:29,469 [WARNING] [MainThread] [deprecation/deprecation.py:136]: [DEPRECATED] PowerPlanConfig: 'container_shadow' - Use CSS box-shadow instead.
2026-08-05 16:29:29,759 [INFO] [MainThread] [root/bar_manager.py:103]: Starting KomorebiEventListener...
2026-08-05 16:29:29,760 [INFO] [Dummy-5] [root/event_listener.py:54]: Created named pipe yasb-8a85c934-90b8-11f1-a83d-2c9c581268a6
2026-08-05 16:29:29,761 [INFO] [MainThread] [root/watcher.py:65]: Watching directory: c:\users\arvit\.config\yasb
2026-08-05 16:29:29,761 [INFO] [MainThread] [root/watcher.py:104]: Created file watcher
2026-08-05 16:29:29,769 [INFO] [MainThread] [root/update_service.py:434]: Background update checker started
2026-08-05 16:29:29,814 [INFO] [Dummy-5] [root/event_listener.py:147]: Komorebi connected to named pipe: yasb-8a85c934-90b8-11f1-a83d-2c9c581268a6
2026-08-05 16:29:30,012 [INFO] [MainThread] [root/api.py:69]: Fetching new weather data at 2026-08-05 16:29:30.012544
2026-08-05 16:35:11,119 [WARNING] [MainThread] [deprecation/deprecation.py:136]: [DEPRECATED] BarAlignment: 'center' - Use 'align' instead.
2026-08-05 16:35:11,119 [WARNING] [MainThread] [deprecation/deprecation.py:136]: [DEPRECATED] BarBlurEffect: 'acrylic' - No longer supported and can be removed from the config.
2026-08-05 16:35:11,120 [INFO] [MainThread] [root/controller.py:21]: Reloading Application because of config change.
2026-08-05 16:35:11,231 [INFO] [MainThread] [cli_server/cli_server.py:114]: Log pipe server stopped
2026-08-05 16:35:11,235 [INFO] [MainThread] [root/bar_manager.py:93]: Successfully loaded updated config and re-initialised all bars.
2026-08-05 16:35:11,321 [INFO] [MainThread] [root/bar_manager.py:119]: Stopping KomorebiEventListener...
2026-08-05 16:35:11,487 [INFO] [MainThread] [root/log.py:104]: YASB v2.0.5
2026-08-05 16:35:11,488 [INFO] [CLIPipeServer] [cli_server/cli_server.py:216]: CLI server started v1.1.7
2026-08-05 16:35:11,488 [INFO] [MainThread] [cli_server/cli_server.py:106]: Log pipe server started
2026-08-05 16:35:11,517 [WARNING] [MainThread] [deprecation/deprecation.py:136]: [DEPRECATED] BarAlignment: 'center' - Use 'align' instead.
2026-08-05 16:35:11,518 [WARNING] [MainThread] [deprecation/deprecation.py:136]: [DEPRECATED] BarBlurEffect: 'acrylic' - No longer supported and can be removed from the config.
2026-08-05 16:35:11,556 [WARNING] [MainThread] [deprecation/deprecation.py:136]: [DEPRECATED] KomorebiControlWidgetConfig: 'label_shadow' - Use CSS text-shadow instead.
2026-08-05 16:35:11,557 [WARNING] [MainThread] [deprecation/deprecation.py:136]: [DEPRECATED] KomorebiWorkspacesConfig: 'animation' - Use CSS animations instead.
2026-08-05 16:35:11,557 [WARNING] [MainThread] [deprecation/deprecation.py:136]: [DEPRECATED] KomorebiWorkspacesConfig: 'container_padding' - Use CSS padding instead.
2026-08-05 16:35:11,557 [WARNING] [MainThread] [deprecation/deprecation.py:136]: [DEPRECATED] ActiveLayoutConfig: 'label_shadow' - Use CSS text-shadow instead.
2026-08-05 16:35:11,570 [WARNING] [MainThread] [deprecation/deprecation.py:136]: [DEPRECATED] GalleryConfig: 'lazy_load_delay' - No longer supported and can be removed from the config.
2026-08-05 16:35:11,570 [WARNING] [MainThread] [deprecation/deprecation.py:136]: [DEPRECATED] GalleryConfig: 'enable_cache' - No longer supported and can be removed from the config.
2026-08-05 16:35:11,578 [WARNING] [MainThread] [deprecation/deprecation.py:136]: [DEPRECATED] StackConfig: 'animation' - Use CSS animations instead.
2026-08-05 16:35:11,578 [WARNING] [MainThread] [deprecation/deprecation.py:136]: [DEPRECATED] StackConfig: 'container_shadow' - Use CSS box-shadow instead.
2026-08-05 16:35:11,578 [WARNING] [MainThread] [deprecation/deprecation.py:136]: [DEPRECATED] StackConfig: 'btn_shadow' - Use CSS box-shadow instead.
2026-08-05 16:35:11,578 [WARNING] [MainThread] [deprecation/deprecation.py:136]: [DEPRECATED] StackConfig: 'label_shadow' - Use CSS text-shadow instead.
2026-08-05 16:35:11,580 [WARNING] [MainThread] [deprecation/deprecation.py:136]: [DEPRECATED] ApplicationsWidgetConfig: 'label_shadow' - Use CSS text-shadow instead.
2026-08-05 16:35:11,588 [WARNING] [MainThread] [deprecation/deprecation.py:136]: [DEPRECATED] ClockConfig: 'container_padding' - Use CSS padding instead.
2026-08-05 16:35:11,589 [WARNING] [MainThread] [deprecation/deprecation.py:136]: [DEPRECATED] ClockConfig: 'label_shadow' - Use CSS text-shadow instead.
2026-08-05 16:35:11,625 [WARNING] [MainThread] [deprecation/deprecation.py:136]: [DEPRECATED] WeatherWidgetConfig: 'label_shadow' - Use CSS text-shadow instead.
2026-08-05 16:35:11,654 [WARNING] [MainThread] [deprecation/deprecation.py:136]: [DEPRECATED] MediaWidgetConfig: 'label_shadow' - Use CSS text-shadow instead.
2026-08-05 16:35:11,657 [WARNING] [MainThread] [deprecation/deprecation.py:140]: [DEPRECATED] VolumeConfig: 'volume_icons' renamed to 'icons' - Use 'icons' with the dictionary format instead.
2026-08-05 16:35:11,657 [WARNING] [MainThread] [deprecation/deprecation.py:136]: [DEPRECATED] VolumeConfig: 'label_shadow' - Use CSS text-shadow instead.
2026-08-05 16:35:11,664 [INFO] [MainThread] [root/service.py:52]: AudioOutputService starting...
2026-08-05 16:35:11,691 [WARNING] [MainThread] [deprecation/deprecation.py:136]: [DEPRECATED] CpuConfig: 'label_shadow' - Use CSS text-shadow instead.
2026-08-05 16:35:11,702 [WARNING] [MainThread] [deprecation/deprecation.py:136]: [DEPRECATED] PowerPlanConfig: 'label_shadow' - Use CSS text-shadow instead.
2026-08-05 16:35:11,703 [WARNING] [MainThread] [deprecation/deprecation.py:136]: [DEPRECATED] PowerPlanConfig: 'container_shadow' - Use CSS box-shadow instead.
2026-08-05 16:35:11,997 [INFO] [MainThread] [root/bar_manager.py:103]: Starting KomorebiEventListener...
2026-08-05 16:35:11,998 [INFO] [MainThread] [root/watcher.py:65]: Watching directory: c:\users\arvit\.config\yasb
2026-08-05 16:35:11,998 [INFO] [MainThread] [root/watcher.py:104]: Created file watcher
2026-08-05 16:35:11,998 [INFO] [Dummy-6] [root/event_listener.py:54]: Created named pipe yasb-568316f6-90b9-11f1-bb4a-2c9c581268a6
2026-08-05 16:35:12,008 [INFO] [MainThread] [root/update_service.py:434]: Background update checker started
2026-08-05 16:35:12,053 [INFO] [Dummy-6] [root/event_listener.py:147]: Komorebi connected to named pipe: yasb-568316f6-90b9-11f1-bb4a-2c9c581268a6
2026-08-05 16:35:12,514 [INFO] [MainThread] [root/api.py:69]: Fetching new weather data at 2026-08-05 16:35:12.514786
2026-08-05 16:36:09,869 [WARNING] [MainThread] [deprecation/deprecation.py:136]: [DEPRECATED] BarAlignment: 'center' - Use 'align' instead.
2026-08-05 16:36:09,869 [WARNING] [MainThread] [deprecation/deprecation.py:136]: [DEPRECATED] BarBlurEffect: 'acrylic' - No longer supported and can be removed from the config.
2026-08-05 16:36:09,870 [INFO] [MainThread] [root/controller.py:21]: Reloading Application because of config change.
2026-08-05 16:36:09,975 [INFO] [MainThread] [cli_server/cli_server.py:114]: Log pipe server stopped
2026-08-05 16:36:09,979 [INFO] [MainThread] [root/bar_manager.py:93]: Successfully loaded updated config and re-initialised all bars.
2026-08-05 16:36:10,057 [INFO] [MainThread] [root/bar_manager.py:119]: Stopping KomorebiEventListener...
2026-08-05 16:36:10,229 [INFO] [MainThread] [root/log.py:104]: YASB v2.0.5
2026-08-05 16:36:10,229 [INFO] [CLIPipeServer] [cli_server/cli_server.py:216]: CLI server started v1.1.7
2026-08-05 16:36:10,229 [INFO] [MainThread] [cli_server/cli_server.py:106]: Log pipe server started
2026-08-05 16:36:10,259 [WARNING] [MainThread] [deprecation/deprecation.py:136]: [DEPRECATED] BarAlignment: 'center' - Use 'align' instead.
2026-08-05 16:36:10,259 [WARNING] [MainThread] [deprecation/deprecation.py:136]: [DEPRECATED] BarBlurEffect: 'acrylic' - No longer supported and can be removed from the config.
2026-08-05 16:36:10,298 [WARNING] [MainThread] [deprecation/deprecation.py:136]: [DEPRECATED] KomorebiControlWidgetConfig: 'label_shadow' - Use CSS text-shadow instead.
2026-08-05 16:36:10,298 [WARNING] [MainThread] [deprecation/deprecation.py:136]: [DEPRECATED] KomorebiWorkspacesConfig: 'animation' - Use CSS animations instead.
2026-08-05 16:36:10,299 [WARNING] [MainThread] [deprecation/deprecation.py:136]: [DEPRECATED] KomorebiWorkspacesConfig: 'container_padding' - Use CSS padding instead.
2026-08-05 16:36:10,299 [WARNING] [MainThread] [deprecation/deprecation.py:136]: [DEPRECATED] ActiveLayoutConfig: 'container_padding' - Use CSS padding instead.
2026-08-05 16:36:10,299 [WARNING] [MainThread] [deprecation/deprecation.py:140]: [DEPRECATED] ActiveLayoutIconsConfig: 'maximised' renamed to 'maximized' - Use 'maximized' instead.
2026-08-05 16:36:10,312 [WARNING] [MainThread] [deprecation/deprecation.py:136]: [DEPRECATED] GalleryConfig: 'lazy_load_delay' - No longer supported and can be removed from the config.
2026-08-05 16:36:10,312 [WARNING] [MainThread] [deprecation/deprecation.py:136]: [DEPRECATED] GalleryConfig: 'enable_cache' - No longer supported and can be removed from the config.
2026-08-05 16:36:10,320 [WARNING] [MainThread] [deprecation/deprecation.py:136]: [DEPRECATED] StackConfig: 'animation' - Use CSS animations instead.
2026-08-05 16:36:10,320 [WARNING] [MainThread] [deprecation/deprecation.py:136]: [DEPRECATED] StackConfig: 'container_shadow' - Use CSS box-shadow instead.
2026-08-05 16:36:10,320 [WARNING] [MainThread] [deprecation/deprecation.py:136]: [DEPRECATED] StackConfig: 'btn_shadow' - Use CSS box-shadow instead.
2026-08-05 16:36:10,320 [WARNING] [MainThread] [deprecation/deprecation.py:136]: [DEPRECATED] StackConfig: 'label_shadow' - Use CSS text-shadow instead.
2026-08-05 16:36:10,322 [WARNING] [MainThread] [deprecation/deprecation.py:136]: [DEPRECATED] ApplicationsWidgetConfig: 'label_shadow' - Use CSS text-shadow instead.
2026-08-05 16:36:10,330 [WARNING] [MainThread] [deprecation/deprecation.py:136]: [DEPRECATED] ClockConfig: 'container_padding' - Use CSS padding instead.
2026-08-05 16:36:10,330 [WARNING] [MainThread] [deprecation/deprecation.py:136]: [DEPRECATED] ClockConfig: 'label_shadow' - Use CSS text-shadow instead.
2026-08-05 16:36:10,366 [WARNING] [MainThread] [deprecation/deprecation.py:136]: [DEPRECATED] WeatherWidgetConfig: 'label_shadow' - Use CSS text-shadow instead.
2026-08-05 16:36:10,396 [WARNING] [MainThread] [deprecation/deprecation.py:136]: [DEPRECATED] MediaWidgetConfig: 'label_shadow' - Use CSS text-shadow instead.
2026-08-05 16:36:10,399 [WARNING] [MainThread] [deprecation/deprecation.py:140]: [DEPRECATED] VolumeConfig: 'volume_icons' renamed to 'icons' - Use 'icons' with the dictionary format instead.
2026-08-05 16:36:10,399 [WARNING] [MainThread] [deprecation/deprecation.py:136]: [DEPRECATED] VolumeConfig: 'label_shadow' - Use CSS text-shadow instead.
2026-08-05 16:36:10,405 [INFO] [MainThread] [root/service.py:52]: AudioOutputService starting...
2026-08-05 16:36:10,431 [WARNING] [MainThread] [deprecation/deprecation.py:136]: [DEPRECATED] CpuConfig: 'label_shadow' - Use CSS text-shadow instead.
2026-08-05 16:36:10,444 [WARNING] [MainThread] [deprecation/deprecation.py:136]: [DEPRECATED] PowerPlanConfig: 'label_shadow' - Use CSS text-shadow instead.
2026-08-05 16:36:10,444 [WARNING] [MainThread] [deprecation/deprecation.py:136]: [DEPRECATED] PowerPlanConfig: 'container_shadow' - Use CSS box-shadow instead.
2026-08-05 16:36:10,730 [INFO] [MainThread] [root/bar_manager.py:103]: Starting KomorebiEventListener...
2026-08-05 16:36:10,731 [INFO] [Dummy-5] [root/event_listener.py:54]: Created named pipe yasb-79850aea-90b9-11f1-9fb6-2c9c581268a6
2026-08-05 16:36:10,731 [INFO] [MainThread] [root/watcher.py:65]: Watching directory: c:\users\arvit\.config\yasb
2026-08-05 16:36:10,731 [INFO] [MainThread] [root/watcher.py:104]: Created file watcher
2026-08-05 16:36:10,740 [INFO] [MainThread] [root/update_service.py:434]: Background update checker started
2026-08-05 16:36:10,787 [INFO] [Dummy-5] [root/event_listener.py:147]: Komorebi connected to named pipe: yasb-79850aea-90b9-11f1-9fb6-2c9c581268a6
2026-08-05 16:36:10,941 [INFO] [MainThread] [root/api.py:69]: Fetching new weather data at 2026-08-05 16:36:10.941410
2026-08-05 16:36:13,442 [WARNING] [MainThread] [deprecation/deprecation.py:136]: [DEPRECATED] BarAlignment: 'center' - Use 'align' instead.
2026-08-05 16:36:13,442 [WARNING] [MainThread] [deprecation/deprecation.py:136]: [DEPRECATED] BarBlurEffect: 'acrylic' - No longer supported and can be removed from the config.
2026-08-05 16:36:13,443 [INFO] [MainThread] [root/controller.py:21]: Reloading Application because of config change.
2026-08-05 16:36:13,544 [INFO] [MainThread] [cli_server/cli_server.py:114]: Log pipe server stopped
2026-08-05 16:36:13,547 [INFO] [MainThread] [root/bar_manager.py:93]: Successfully loaded updated config and re-initialised all bars.
2026-08-05 16:36:13,654 [INFO] [MainThread] [root/bar_manager.py:119]: Stopping KomorebiEventListener...
2026-08-05 16:36:13,810 [INFO] [MainThread] [root/log.py:104]: YASB v2.0.5
2026-08-05 16:36:13,811 [INFO] [CLIPipeServer] [cli_server/cli_server.py:216]: CLI server started v1.1.7
2026-08-05 16:36:13,811 [INFO] [MainThread] [cli_server/cli_server.py:106]: Log pipe server started
2026-08-05 16:36:13,845 [WARNING] [MainThread] [deprecation/deprecation.py:136]: [DEPRECATED] BarAlignment: 'center' - Use 'align' instead.
2026-08-05 16:36:13,845 [WARNING] [MainThread] [deprecation/deprecation.py:136]: [DEPRECATED] BarBlurEffect: 'acrylic' - No longer supported and can be removed from the config.
2026-08-05 16:36:13,885 [WARNING] [MainThread] [deprecation/deprecation.py:136]: [DEPRECATED] KomorebiControlWidgetConfig: 'label_shadow' - Use CSS text-shadow instead.
2026-08-05 16:36:13,886 [WARNING] [MainThread] [deprecation/deprecation.py:136]: [DEPRECATED] KomorebiWorkspacesConfig: 'animation' - Use CSS animations instead.
2026-08-05 16:36:13,886 [WARNING] [MainThread] [deprecation/deprecation.py:136]: [DEPRECATED] KomorebiWorkspacesConfig: 'container_padding' - Use CSS padding instead.
2026-08-05 16:36:13,887 [WARNING] [MainThread] [deprecation/deprecation.py:136]: [DEPRECATED] ActiveLayoutConfig: 'label_shadow' - Use CSS text-shadow instead.
2026-08-05 16:36:13,901 [WARNING] [MainThread] [deprecation/deprecation.py:136]: [DEPRECATED] GalleryConfig: 'lazy_load_delay' - No longer supported and can be removed from the config.
2026-08-05 16:36:13,901 [WARNING] [MainThread] [deprecation/deprecation.py:136]: [DEPRECATED] GalleryConfig: 'enable_cache' - No longer supported and can be removed from the config.
2026-08-05 16:36:13,910 [WARNING] [MainThread] [deprecation/deprecation.py:136]: [DEPRECATED] StackConfig: 'animation' - Use CSS animations instead.
2026-08-05 16:36:13,910 [WARNING] [MainThread] [deprecation/deprecation.py:136]: [DEPRECATED] StackConfig: 'container_shadow' - Use CSS box-shadow instead.
2026-08-05 16:36:13,910 [WARNING] [MainThread] [deprecation/deprecation.py:136]: [DEPRECATED] StackConfig: 'btn_shadow' - Use CSS box-shadow instead.
2026-08-05 16:36:13,910 [WARNING] [MainThread] [deprecation/deprecation.py:136]: [DEPRECATED] StackConfig: 'label_shadow' - Use CSS text-shadow instead.
2026-08-05 16:36:13,912 [WARNING] [MainThread] [deprecation/deprecation.py:136]: [DEPRECATED] ApplicationsWidgetConfig: 'label_shadow' - Use CSS text-shadow instead.
2026-08-05 16:36:13,922 [WARNING] [MainThread] [deprecation/deprecation.py:136]: [DEPRECATED] ClockConfig: 'container_padding' - Use CSS padding instead.
2026-08-05 16:36:13,922 [WARNING] [MainThread] [deprecation/deprecation.py:136]: [DEPRECATED] ClockConfig: 'label_shadow' - Use CSS text-shadow instead.
2026-08-05 16:36:13,961 [WARNING] [MainThread] [deprecation/deprecation.py:136]: [DEPRECATED] WeatherWidgetConfig: 'label_shadow' - Use CSS text-shadow instead.
2026-08-05 16:36:13,994 [WARNING] [MainThread] [deprecation/deprecation.py:136]: [DEPRECATED] MediaWidgetConfig: 'label_shadow' - Use CSS text-shadow instead.
2026-08-05 16:36:13,998 [WARNING] [MainThread] [deprecation/deprecation.py:140]: [DEPRECATED] VolumeConfig: 'volume_icons' renamed to 'icons' - Use 'icons' with the dictionary format instead.
2026-08-05 16:36:13,998 [WARNING] [MainThread] [deprecation/deprecation.py:136]: [DEPRECATED] VolumeConfig: 'label_shadow' - Use CSS text-shadow instead.
2026-08-05 16:36:14,004 [INFO] [MainThread] [root/service.py:52]: AudioOutputService starting...
2026-08-05 16:36:14,032 [WARNING] [MainThread] [deprecation/deprecation.py:136]: [DEPRECATED] CpuConfig: 'label_shadow' - Use CSS text-shadow instead.
2026-08-05 16:36:14,044 [WARNING] [MainThread] [deprecation/deprecation.py:136]: [DEPRECATED] PowerPlanConfig: 'label_shadow' - Use CSS text-shadow instead.
2026-08-05 16:36:14,044 [WARNING] [MainThread] [deprecation/deprecation.py:136]: [DEPRECATED] PowerPlanConfig: 'container_shadow' - Use CSS box-shadow instead.
2026-08-05 16:36:14,358 [INFO] [MainThread] [root/bar_manager.py:103]: Starting KomorebiEventListener...
2026-08-05 16:36:14,358 [INFO] [MainThread] [root/watcher.py:65]: Watching directory: c:\users\arvit\.config\yasb
2026-08-05 16:36:14,359 [INFO] [MainThread] [root/watcher.py:104]: Created file watcher
2026-08-05 16:36:14,358 [INFO] [Dummy-6] [root/event_listener.py:54]: Created named pipe yasb-7bae8caa-90b9-11f1-8e49-2c9c581268a6
2026-08-05 16:36:14,366 [INFO] [MainThread] [root/update_service.py:434]: Background update checker started
2026-08-05 16:36:14,414 [INFO] [Dummy-6] [root/event_listener.py:147]: Komorebi connected to named pipe: yasb-7bae8caa-90b9-11f1-8e49-2c9c581268a6
2026-08-05 16:36:14,571 [INFO] [MainThread] [root/api.py:69]: Fetching new weather data at 2026-08-05 16:36:14.571812
2026-08-05 16:36:41,035 [WARNING] [MainThread] [deprecation/deprecation.py:136]: [DEPRECATED] BarAlignment: 'center' - Use 'align' instead.
2026-08-05 16:36:41,035 [WARNING] [MainThread] [deprecation/deprecation.py:136]: [DEPRECATED] BarBlurEffect: 'acrylic' - No longer supported and can be removed from the config.
2026-08-05 16:36:41,035 [INFO] [MainThread] [root/controller.py:21]: Reloading Application because of config change.
2026-08-05 16:36:41,136 [INFO] [MainThread] [cli_server/cli_server.py:114]: Log pipe server stopped
2026-08-05 16:36:41,140 [INFO] [MainThread] [root/bar_manager.py:93]: Successfully loaded updated config and re-initialised all bars.
2026-08-05 16:36:41,228 [INFO] [MainThread] [root/bar_manager.py:119]: Stopping KomorebiEventListener...
2026-08-05 16:36:41,396 [INFO] [MainThread] [root/log.py:104]: YASB v2.0.5
2026-08-05 16:36:41,396 [INFO] [CLIPipeServer] [cli_server/cli_server.py:216]: CLI server started v1.1.7
2026-08-05 16:36:41,396 [INFO] [MainThread] [cli_server/cli_server.py:106]: Log pipe server started
2026-08-05 16:36:41,425 [WARNING] [MainThread] [deprecation/deprecation.py:136]: [DEPRECATED] BarAlignment: 'center' - Use 'align' instead.
2026-08-05 16:36:41,426 [WARNING] [MainThread] [deprecation/deprecation.py:136]: [DEPRECATED] BarBlurEffect: 'acrylic' - No longer supported and can be removed from the config.
2026-08-05 16:36:41,464 [WARNING] [MainThread] [deprecation/deprecation.py:136]: [DEPRECATED] KomorebiControlWidgetConfig: 'label_shadow' - Use CSS text-shadow instead.
2026-08-05 16:36:41,465 [WARNING] [MainThread] [deprecation/deprecation.py:136]: [DEPRECATED] KomorebiWorkspacesConfig: 'animation' - Use CSS animations instead.
2026-08-05 16:36:41,465 [WARNING] [MainThread] [deprecation/deprecation.py:136]: [DEPRECATED] KomorebiWorkspacesConfig: 'container_padding' - Use CSS padding instead.
2026-08-05 16:36:41,465 [WARNING] [MainThread] [deprecation/deprecation.py:136]: [DEPRECATED] ActiveLayoutConfig: 'container_padding' - Use CSS padding instead.
2026-08-05 16:36:41,465 [WARNING] [MainThread] [deprecation/deprecation.py:140]: [DEPRECATED] ActiveLayoutIconsConfig: 'maximised' renamed to 'maximized' - Use 'maximized' instead.
2026-08-05 16:36:41,478 [WARNING] [MainThread] [deprecation/deprecation.py:136]: [DEPRECATED] GalleryConfig: 'lazy_load_delay' - No longer supported and can be removed from the config.
2026-08-05 16:36:41,478 [WARNING] [MainThread] [deprecation/deprecation.py:136]: [DEPRECATED] GalleryConfig: 'enable_cache' - No longer supported and can be removed from the config.
2026-08-05 16:36:41,486 [WARNING] [MainThread] [deprecation/deprecation.py:136]: [DEPRECATED] StackConfig: 'animation' - Use CSS animations instead.
2026-08-05 16:36:41,486 [WARNING] [MainThread] [deprecation/deprecation.py:136]: [DEPRECATED] StackConfig: 'container_shadow' - Use CSS box-shadow instead.
2026-08-05 16:36:41,486 [WARNING] [MainThread] [deprecation/deprecation.py:136]: [DEPRECATED] StackConfig: 'btn_shadow' - Use CSS box-shadow instead.
2026-08-05 16:36:41,486 [WARNING] [MainThread] [deprecation/deprecation.py:136]: [DEPRECATED] StackConfig: 'label_shadow' - Use CSS text-shadow instead.
2026-08-05 16:36:41,488 [WARNING] [MainThread] [deprecation/deprecation.py:136]: [DEPRECATED] ApplicationsWidgetConfig: 'label_shadow' - Use CSS text-shadow instead.
2026-08-05 16:36:41,497 [WARNING] [MainThread] [deprecation/deprecation.py:136]: [DEPRECATED] ClockConfig: 'container_padding' - Use CSS padding instead.
2026-08-05 16:36:41,497 [WARNING] [MainThread] [deprecation/deprecation.py:136]: [DEPRECATED] ClockConfig: 'label_shadow' - Use CSS text-shadow instead.
2026-08-05 16:36:41,533 [WARNING] [MainThread] [deprecation/deprecation.py:136]: [DEPRECATED] WeatherWidgetConfig: 'label_shadow' - Use CSS text-shadow instead.
2026-08-05 16:36:41,563 [WARNING] [MainThread] [deprecation/deprecation.py:136]: [DEPRECATED] MediaWidgetConfig: 'label_shadow' - Use CSS text-shadow instead.
2026-08-05 16:36:41,566 [WARNING] [MainThread] [deprecation/deprecation.py:140]: [DEPRECATED] VolumeConfig: 'volume_icons' renamed to 'icons' - Use 'icons' with the dictionary format instead.
2026-08-05 16:36:41,566 [WARNING] [MainThread] [deprecation/deprecation.py:136]: [DEPRECATED] VolumeConfig: 'label_shadow' - Use CSS text-shadow instead.
2026-08-05 16:36:41,572 [INFO] [MainThread] [root/service.py:52]: AudioOutputService starting...
2026-08-05 16:36:41,603 [WARNING] [MainThread] [deprecation/deprecation.py:136]: [DEPRECATED] CpuConfig: 'label_shadow' - Use CSS text-shadow instead.
2026-08-05 16:36:41,615 [WARNING] [MainThread] [deprecation/deprecation.py:136]: [DEPRECATED] PowerPlanConfig: 'label_shadow' - Use CSS text-shadow instead.
2026-08-05 16:36:41,615 [WARNING] [MainThread] [deprecation/deprecation.py:136]: [DEPRECATED] PowerPlanConfig: 'container_shadow' - Use CSS box-shadow instead.
2026-08-05 16:36:41,938 [INFO] [MainThread] [root/bar_manager.py:103]: Starting KomorebiEventListener...
2026-08-05 16:36:41,939 [INFO] [MainThread] [root/watcher.py:65]: Watching directory: c:\users\arvit\.config\yasb
2026-08-05 16:36:41,939 [INFO] [MainThread] [root/watcher.py:104]: Created file watcher
2026-08-05 16:36:41,940 [INFO] [Dummy-6] [root/event_listener.py:54]: Created named pipe yasb-8c1f0576-90b9-11f1-b73e-2c9c581268a6
2026-08-05 16:36:41,951 [INFO] [MainThread] [root/update_service.py:434]: Background update checker started
2026-08-05 16:36:42,018 [INFO] [Dummy-6] [root/event_listener.py:147]: Komorebi connected to named pipe: yasb-8c1f0576-90b9-11f1-b73e-2c9c581268a6
2026-08-05 16:36:42,191 [INFO] [MainThread] [root/api.py:69]: Fetching new weather data at 2026-08-05 16:36:42.191126
2026-08-05 16:37:00,384 [WARNING] [MainThread] [deprecation/deprecation.py:136]: [DEPRECATED] BarAlignment: 'center' - Use 'align' instead.
2026-08-05 16:37:00,384 [WARNING] [MainThread] [deprecation/deprecation.py:136]: [DEPRECATED] BarBlurEffect: 'acrylic' - No longer supported and can be removed from the config.
2026-08-05 16:37:00,384 [INFO] [MainThread] [root/controller.py:21]: Reloading Application because of config change.
2026-08-05 16:37:00,486 [INFO] [MainThread] [cli_server/cli_server.py:114]: Log pipe server stopped
2026-08-05 16:37:00,490 [INFO] [MainThread] [root/bar_manager.py:93]: Successfully loaded updated config and re-initialised all bars.
2026-08-05 16:37:00,578 [INFO] [MainThread] [root/bar_manager.py:119]: Stopping KomorebiEventListener...
2026-08-05 16:37:00,743 [INFO] [MainThread] [root/log.py:104]: YASB v2.0.5
2026-08-05 16:37:00,743 [INFO] [CLIPipeServer] [cli_server/cli_server.py:216]: CLI server started v1.1.7
2026-08-05 16:37:00,743 [INFO] [MainThread] [cli_server/cli_server.py:106]: Log pipe server started
2026-08-05 16:37:00,772 [WARNING] [MainThread] [deprecation/deprecation.py:136]: [DEPRECATED] BarAlignment: 'center' - Use 'align' instead.
2026-08-05 16:37:00,772 [WARNING] [MainThread] [deprecation/deprecation.py:136]: [DEPRECATED] BarBlurEffect: 'acrylic' - No longer supported and can be removed from the config.
2026-08-05 16:37:00,801 [WARNING] [MainThread] [deprecation/deprecation.py:136]: [DEPRECATED] KomorebiControlWidgetConfig: 'label_shadow' - Use CSS text-shadow instead.
2026-08-05 16:37:00,802 [WARNING] [MainThread] [root/widget_builder.py:39]: No widget config could be found for widget 'komorebi_workspaces
2026-08-05 16:37:00,802 [WARNING] [MainThread] [root/grouper.py:114]: GrouperWidget failed to create child widget 'komorebi_workspaces'
2026-08-05 16:37:00,802 [WARNING] [MainThread] [deprecation/deprecation.py:136]: [DEPRECATED] ActiveLayoutConfig: 'container_padding' - Use CSS padding instead.
2026-08-05 16:37:00,802 [WARNING] [MainThread] [deprecation/deprecation.py:140]: [DEPRECATED] ActiveLayoutIconsConfig: 'maximised' renamed to 'maximized' - Use 'maximized' instead.
2026-08-05 16:37:00,803 [ERROR] [MainThread] [root/widget_builder.py:100]: Failed to add undefined widget(s)  - The widget "komorebi_workspaces" is undefined.
2026-08-05 16:37:01,055 [WARNING] [MainThread] [deprecation/deprecation.py:136]: [DEPRECATED] GalleryConfig: 'lazy_load_delay' - No longer supported and can be removed from the config.
2026-08-05 16:37:01,055 [WARNING] [MainThread] [deprecation/deprecation.py:136]: [DEPRECATED] GalleryConfig: 'enable_cache' - No longer supported and can be removed from the config.
2026-08-05 16:37:01,072 [WARNING] [MainThread] [deprecation/deprecation.py:136]: [DEPRECATED] StackConfig: 'animation' - Use CSS animations instead.
2026-08-05 16:37:01,072 [WARNING] [MainThread] [deprecation/deprecation.py:136]: [DEPRECATED] StackConfig: 'container_shadow' - Use CSS box-shadow instead.
2026-08-05 16:37:01,072 [WARNING] [MainThread] [deprecation/deprecation.py:136]: [DEPRECATED] StackConfig: 'btn_shadow' - Use CSS box-shadow instead.
2026-08-05 16:37:01,072 [WARNING] [MainThread] [deprecation/deprecation.py:136]: [DEPRECATED] StackConfig: 'label_shadow' - Use CSS text-shadow instead.
2026-08-05 16:37:01,074 [WARNING] [MainThread] [deprecation/deprecation.py:136]: [DEPRECATED] ApplicationsWidgetConfig: 'label_shadow' - Use CSS text-shadow instead.
2026-08-05 16:37:01,083 [WARNING] [MainThread] [deprecation/deprecation.py:136]: [DEPRECATED] ClockConfig: 'container_padding' - Use CSS padding instead.
2026-08-05 16:37:01,083 [WARNING] [MainThread] [deprecation/deprecation.py:136]: [DEPRECATED] ClockConfig: 'label_shadow' - Use CSS text-shadow instead.
2026-08-05 16:37:01,116 [WARNING] [MainThread] [deprecation/deprecation.py:136]: [DEPRECATED] WeatherWidgetConfig: 'label_shadow' - Use CSS text-shadow instead.
2026-08-05 16:37:01,145 [WARNING] [MainThread] [deprecation/deprecation.py:136]: [DEPRECATED] MediaWidgetConfig: 'label_shadow' - Use CSS text-shadow instead.
2026-08-05 16:37:01,148 [WARNING] [MainThread] [deprecation/deprecation.py:140]: [DEPRECATED] VolumeConfig: 'volume_icons' renamed to 'icons' - Use 'icons' with the dictionary format instead.
2026-08-05 16:37:01,148 [WARNING] [MainThread] [deprecation/deprecation.py:136]: [DEPRECATED] VolumeConfig: 'label_shadow' - Use CSS text-shadow instead.
2026-08-05 16:37:01,155 [INFO] [MainThread] [root/service.py:52]: AudioOutputService starting...
2026-08-05 16:37:01,178 [WARNING] [MainThread] [deprecation/deprecation.py:136]: [DEPRECATED] CpuConfig: 'label_shadow' - Use CSS text-shadow instead.
2026-08-05 16:37:01,191 [WARNING] [MainThread] [deprecation/deprecation.py:136]: [DEPRECATED] PowerPlanConfig: 'label_shadow' - Use CSS text-shadow instead.
2026-08-05 16:37:01,192 [WARNING] [MainThread] [deprecation/deprecation.py:136]: [DEPRECATED] PowerPlanConfig: 'container_shadow' - Use CSS box-shadow instead.
2026-08-05 16:37:01,250 [INFO] [MainThread] [root/bar_manager.py:103]: Starting KomorebiEventListener...
2026-08-05 16:37:01,250 [INFO] [MainThread] [root/watcher.py:65]: Watching directory: c:\users\arvit\.config\yasb
2026-08-05 16:37:01,251 [INFO] [MainThread] [root/watcher.py:104]: Created file watcher
2026-08-05 16:37:01,279 [INFO] [Dummy-6] [root/event_listener.py:54]: Created named pipe yasb-97a1b187-90b9-11f1-9c38-2c9c581268a6
2026-08-05 16:37:01,281 [INFO] [MainThread] [root/update_service.py:434]: Background update checker started
2026-08-05 16:37:01,340 [INFO] [Dummy-6] [root/event_listener.py:147]: Komorebi connected to named pipe: yasb-97a1b187-90b9-11f1-9c38-2c9c581268a6
2026-08-05 16:37:01,608 [INFO] [MainThread] [root/api.py:69]: Fetching new weather data at 2026-08-05 16:37:01.608184
2026-08-05 16:37:13,862 [WARNING] [MainThread] [deprecation/deprecation.py:136]: [DEPRECATED] BarAlignment: 'center' - Use 'align' instead.
2026-08-05 16:37:13,862 [WARNING] [MainThread] [deprecation/deprecation.py:136]: [DEPRECATED] BarBlurEffect: 'acrylic' - No longer supported and can be removed from the config.
2026-08-05 16:37:13,863 [INFO] [MainThread] [root/controller.py:21]: Reloading Application because of config change.
2026-08-05 16:37:13,963 [INFO] [MainThread] [cli_server/cli_server.py:114]: Log pipe server stopped
2026-08-05 16:37:13,967 [INFO] [MainThread] [root/bar_manager.py:93]: Successfully loaded updated config and re-initialised all bars.
2026-08-05 16:37:14,063 [INFO] [MainThread] [root/bar_manager.py:119]: Stopping KomorebiEventListener...
2026-08-05 16:37:14,223 [INFO] [MainThread] [root/log.py:104]: YASB v2.0.5
2026-08-05 16:37:14,224 [INFO] [CLIPipeServer] [cli_server/cli_server.py:216]: CLI server started v1.1.7
2026-08-05 16:37:14,224 [INFO] [MainThread] [cli_server/cli_server.py:106]: Log pipe server started
2026-08-05 16:37:14,253 [WARNING] [MainThread] [deprecation/deprecation.py:136]: [DEPRECATED] BarAlignment: 'center' - Use 'align' instead.
2026-08-05 16:37:14,253 [WARNING] [MainThread] [deprecation/deprecation.py:136]: [DEPRECATED] BarBlurEffect: 'acrylic' - No longer supported and can be removed from the config.
2026-08-05 16:37:14,292 [WARNING] [MainThread] [deprecation/deprecation.py:136]: [DEPRECATED] KomorebiControlWidgetConfig: 'label_shadow' - Use CSS text-shadow instead.
2026-08-05 16:37:14,293 [WARNING] [MainThread] [deprecation/deprecation.py:136]: [DEPRECATED] KomorebiWorkspacesConfig: 'animation' - Use CSS animations instead.
2026-08-05 16:37:14,293 [WARNING] [MainThread] [deprecation/deprecation.py:136]: [DEPRECATED] KomorebiWorkspacesConfig: 'container_padding' - Use CSS padding instead.
2026-08-05 16:37:14,293 [WARNING] [MainThread] [deprecation/deprecation.py:136]: [DEPRECATED] ActiveLayoutConfig: 'container_padding' - Use CSS padding instead.
2026-08-05 16:37:14,293 [WARNING] [MainThread] [deprecation/deprecation.py:140]: [DEPRECATED] ActiveLayoutIconsConfig: 'maximised' renamed to 'maximized' - Use 'maximized' instead.
2026-08-05 16:37:14,306 [WARNING] [MainThread] [deprecation/deprecation.py:136]: [DEPRECATED] GalleryConfig: 'lazy_load_delay' - No longer supported and can be removed from the config.
2026-08-05 16:37:14,306 [WARNING] [MainThread] [deprecation/deprecation.py:136]: [DEPRECATED] GalleryConfig: 'enable_cache' - No longer supported and can be removed from the config.
2026-08-05 16:37:14,314 [WARNING] [MainThread] [deprecation/deprecation.py:136]: [DEPRECATED] StackConfig: 'animation' - Use CSS animations instead.
2026-08-05 16:37:14,314 [WARNING] [MainThread] [deprecation/deprecation.py:136]: [DEPRECATED] StackConfig: 'container_shadow' - Use CSS box-shadow instead.
2026-08-05 16:37:14,314 [WARNING] [MainThread] [deprecation/deprecation.py:136]: [DEPRECATED] StackConfig: 'btn_shadow' - Use CSS box-shadow instead.
2026-08-05 16:37:14,314 [WARNING] [MainThread] [deprecation/deprecation.py:136]: [DEPRECATED] StackConfig: 'label_shadow' - Use CSS text-shadow instead.
2026-08-05 16:37:14,316 [WARNING] [MainThread] [deprecation/deprecation.py:136]: [DEPRECATED] ApplicationsWidgetConfig: 'label_shadow' - Use CSS text-shadow instead.
2026-08-05 16:37:14,324 [WARNING] [MainThread] [deprecation/deprecation.py:136]: [DEPRECATED] ClockConfig: 'container_padding' - Use CSS padding instead.
2026-08-05 16:37:14,324 [WARNING] [MainThread] [deprecation/deprecation.py:136]: [DEPRECATED] ClockConfig: 'label_shadow' - Use CSS text-shadow instead.
2026-08-05 16:37:14,358 [WARNING] [MainThread] [deprecation/deprecation.py:136]: [DEPRECATED] WeatherWidgetConfig: 'label_shadow' - Use CSS text-shadow instead.
2026-08-05 16:37:14,387 [WARNING] [MainThread] [deprecation/deprecation.py:136]: [DEPRECATED] MediaWidgetConfig: 'label_shadow' - Use CSS text-shadow instead.
2026-08-05 16:37:14,390 [WARNING] [MainThread] [deprecation/deprecation.py:140]: [DEPRECATED] VolumeConfig: 'volume_icons' renamed to 'icons' - Use 'icons' with the dictionary format instead.
2026-08-05 16:37:14,390 [WARNING] [MainThread] [deprecation/deprecation.py:136]: [DEPRECATED] VolumeConfig: 'label_shadow' - Use CSS text-shadow instead.
2026-08-05 16:37:14,397 [INFO] [MainThread] [root/service.py:52]: AudioOutputService starting...
2026-08-05 16:37:14,422 [WARNING] [MainThread] [deprecation/deprecation.py:136]: [DEPRECATED] CpuConfig: 'label_shadow' - Use CSS text-shadow instead.
2026-08-05 16:37:14,433 [WARNING] [MainThread] [deprecation/deprecation.py:136]: [DEPRECATED] PowerPlanConfig: 'label_shadow' - Use CSS text-shadow instead.
2026-08-05 16:37:14,433 [WARNING] [MainThread] [deprecation/deprecation.py:136]: [DEPRECATED] PowerPlanConfig: 'container_shadow' - Use CSS box-shadow instead.
2026-08-05 16:37:14,712 [INFO] [MainThread] [root/bar_manager.py:103]: Starting KomorebiEventListener...
2026-08-05 16:37:14,713 [INFO] [MainThread] [root/watcher.py:65]: Watching directory: c:\users\arvit\.config\yasb
2026-08-05 16:37:14,713 [INFO] [MainThread] [root/watcher.py:104]: Created file watcher
2026-08-05 16:37:14,713 [INFO] [Dummy-6] [root/event_listener.py:54]: Created named pipe yasb-9fa7eccd-90b9-11f1-81c5-2c9c581268a6
2026-08-05 16:37:14,721 [INFO] [MainThread] [root/update_service.py:434]: Background update checker started
2026-08-05 16:37:14,774 [INFO] [Dummy-6] [root/event_listener.py:147]: Komorebi connected to named pipe: yasb-9fa7eccd-90b9-11f1-81c5-2c9c581268a6
2026-08-05 16:37:15,080 [INFO] [MainThread] [root/api.py:69]: Fetching new weather data at 2026-08-05 16:37:15.080631
2026-08-05 16:39:24,938 [WARNING] [Dummy-6] [root/event_listener.py:95]: Pipe has been ended: (109, 'PeekNamedPipe', 'The pipe has been ended.')
2026-08-05 16:39:24,938 [INFO] [Dummy-6] [root/event_listener.py:107]: Attempting to reconnect to Komorebi...
2026-08-05 16:39:27,940 [INFO] [Dummy-6] [root/event_listener.py:54]: Created named pipe yasb-9fa7eccd-90b9-11f1-81c5-2c9c581268a6
2026-08-05 16:39:27,988 [WARNING] [Dummy-6] [root/event_listener.py:134]: Komorebi failed to subscribe named pipe. Komorebi is not running, please start Komorebi.
2026-08-05 16:44:26,065 [INFO] [MainThread] [root/controller.py:43]: Exiting Application from tray...
2026-08-05 16:44:26,166 [INFO] [MainThread] [cli_server/cli_server.py:114]: Log pipe server stopped
2026-08-05 16:44:26,222 [INFO] [MainThread] [root/bar_manager.py:119]: Stopping KomorebiEventListener...
2026-08-05 16:50:21,864 [INFO] [MainThread] [root/log.py:104]: YASB v2.0.5
2026-08-05 16:50:21,864 [INFO] [CLIPipeServer] [cli_server/cli_server.py:216]: CLI server started v1.1.7
2026-08-05 16:50:21,865 [INFO] [MainThread] [cli_server/cli_server.py:106]: Log pipe server started
2026-08-05 16:50:21,899 [WARNING] [MainThread] [deprecation/deprecation.py:136]: [DEPRECATED] BarAlignment: 'center' - Use 'align' instead.
2026-08-05 16:50:21,900 [WARNING] [MainThread] [deprecation/deprecation.py:136]: [DEPRECATED] BarBlurEffect: 'acrylic' - No longer supported and can be removed from the config.
2026-08-05 16:50:21,941 [WARNING] [MainThread] [deprecation/deprecation.py:136]: [DEPRECATED] KomorebiControlWidgetConfig: 'label_shadow' - Use CSS text-shadow instead.
2026-08-05 16:50:21,942 [WARNING] [MainThread] [deprecation/deprecation.py:136]: [DEPRECATED] KomorebiWorkspacesConfig: 'animation' - Use CSS animations instead.
2026-08-05 16:50:21,942 [WARNING] [MainThread] [deprecation/deprecation.py:136]: [DEPRECATED] KomorebiWorkspacesConfig: 'container_padding' - Use CSS padding instead.
2026-08-05 16:50:21,943 [WARNING] [MainThread] [deprecation/deprecation.py:136]: [DEPRECATED] ActiveLayoutConfig: 'container_padding' - Use CSS padding instead.
2026-08-05 16:50:21,943 [WARNING] [MainThread] [deprecation/deprecation.py:140]: [DEPRECATED] ActiveLayoutIconsConfig: 'maximised' renamed to 'maximized' - Use 'maximized' instead.
2026-08-05 16:50:21,956 [WARNING] [MainThread] [deprecation/deprecation.py:136]: [DEPRECATED] GalleryConfig: 'lazy_load_delay' - No longer supported and can be removed from the config.
2026-08-05 16:50:21,956 [WARNING] [MainThread] [deprecation/deprecation.py:136]: [DEPRECATED] GalleryConfig: 'enable_cache' - No longer supported and can be removed from the config.
2026-08-05 16:50:21,964 [WARNING] [MainThread] [deprecation/deprecation.py:136]: [DEPRECATED] StackConfig: 'animation' - Use CSS animations instead.
2026-08-05 16:50:21,965 [WARNING] [MainThread] [deprecation/deprecation.py:136]: [DEPRECATED] StackConfig: 'container_shadow' - Use CSS box-shadow instead.
2026-08-05 16:50:21,965 [WARNING] [MainThread] [deprecation/deprecation.py:136]: [DEPRECATED] StackConfig: 'btn_shadow' - Use CSS box-shadow instead.
2026-08-05 16:50:21,965 [WARNING] [MainThread] [deprecation/deprecation.py:136]: [DEPRECATED] StackConfig: 'label_shadow' - Use CSS text-shadow instead.
2026-08-05 16:50:21,967 [WARNING] [MainThread] [deprecation/deprecation.py:136]: [DEPRECATED] ApplicationsWidgetConfig: 'label_shadow' - Use CSS text-shadow instead.
2026-08-05 16:50:21,976 [WARNING] [MainThread] [deprecation/deprecation.py:136]: [DEPRECATED] ClockConfig: 'container_padding' - Use CSS padding instead.
2026-08-05 16:50:21,976 [WARNING] [MainThread] [deprecation/deprecation.py:136]: [DEPRECATED] ClockConfig: 'label_shadow' - Use CSS text-shadow instead.
2026-08-05 16:50:22,016 [WARNING] [MainThread] [deprecation/deprecation.py:136]: [DEPRECATED] WeatherWidgetConfig: 'label_shadow' - Use CSS text-shadow instead.
2026-08-05 16:50:22,046 [WARNING] [MainThread] [deprecation/deprecation.py:136]: [DEPRECATED] MediaWidgetConfig: 'label_shadow' - Use CSS text-shadow instead.
2026-08-05 16:50:22,050 [WARNING] [MainThread] [deprecation/deprecation.py:140]: [DEPRECATED] VolumeConfig: 'volume_icons' renamed to 'icons' - Use 'icons' with the dictionary format instead.
2026-08-05 16:50:22,050 [WARNING] [MainThread] [deprecation/deprecation.py:136]: [DEPRECATED] VolumeConfig: 'label_shadow' - Use CSS text-shadow instead.
2026-08-05 16:50:22,057 [INFO] [MainThread] [root/service.py:52]: AudioOutputService starting...
2026-08-05 16:50:22,084 [WARNING] [MainThread] [deprecation/deprecation.py:136]: [DEPRECATED] CpuConfig: 'label_shadow' - Use CSS text-shadow instead.
2026-08-05 16:50:22,095 [WARNING] [MainThread] [deprecation/deprecation.py:136]: [DEPRECATED] PowerPlanConfig: 'label_shadow' - Use CSS text-shadow instead.
2026-08-05 16:50:22,095 [WARNING] [MainThread] [deprecation/deprecation.py:136]: [DEPRECATED] PowerPlanConfig: 'container_shadow' - Use CSS box-shadow instead.
2026-08-05 16:50:22,387 [INFO] [MainThread] [root/bar_manager.py:103]: Starting KomorebiEventListener...
2026-08-05 16:50:22,388 [INFO] [Dummy-4] [root/event_listener.py:54]: Created named pipe yasb-75259d13-90bb-11f1-8df4-2c9c581268a6
2026-08-05 16:50:22,389 [INFO] [MainThread] [root/watcher.py:65]: Watching directory: c:\users\arvit\.config\yasb
2026-08-05 16:50:22,389 [INFO] [MainThread] [root/watcher.py:104]: Created file watcher
2026-08-05 16:50:22,398 [INFO] [MainThread] [root/update_service.py:434]: Background update checker started
2026-08-05 16:50:22,449 [INFO] [Dummy-4] [root/event_listener.py:147]: Komorebi connected to named pipe: yasb-75259d13-90bb-11f1-8df4-2c9c581268a6
2026-08-05 16:50:22,766 [INFO] [MainThread] [root/api.py:69]: Fetching new weather data at 2026-08-05 16:50:22.766703
2026-08-05 17:00:22,340 [INFO] [MainThread] [root/api.py:69]: Fetching new weather data at 2026-08-05 17:00:22.340550
2026-08-05 17:04:53,011 [INFO] [MainThread] [root/controller.py:43]: Exiting Application from tray...
2026-08-05 17:04:53,120 [INFO] [MainThread] [cli_server/cli_server.py:114]: Log pipe server stopped
2026-08-05 17:04:53,211 [INFO] [MainThread] [root/bar_manager.py:119]: Stopping KomorebiEventListener...
2026-08-05 17:04:55,027 [INFO] [MainThread] [root/log.py:104]: YASB v2.0.5
2026-08-05 17:04:55,027 [INFO] [CLIPipeServer] [cli_server/cli_server.py:216]: CLI server started v1.1.7
2026-08-05 17:04:55,027 [INFO] [MainThread] [cli_server/cli_server.py:106]: Log pipe server started
2026-08-05 17:04:55,058 [WARNING] [MainThread] [deprecation/deprecation.py:136]: [DEPRECATED] BarAlignment: 'center' - Use 'align' instead.
2026-08-05 17:04:55,058 [WARNING] [MainThread] [deprecation/deprecation.py:136]: [DEPRECATED] BarBlurEffect: 'acrylic' - No longer supported and can be removed from the config.
2026-08-05 17:04:55,098 [WARNING] [MainThread] [deprecation/deprecation.py:136]: [DEPRECATED] KomorebiControlWidgetConfig: 'label_shadow' - Use CSS text-shadow instead.
2026-08-05 17:04:55,099 [WARNING] [MainThread] [deprecation/deprecation.py:136]: [DEPRECATED] KomorebiWorkspacesConfig: 'animation' - Use CSS animations instead.
2026-08-05 17:04:55,099 [WARNING] [MainThread] [deprecation/deprecation.py:136]: [DEPRECATED] KomorebiWorkspacesConfig: 'container_padding' - Use CSS padding instead.
2026-08-05 17:04:55,100 [WARNING] [MainThread] [deprecation/deprecation.py:136]: [DEPRECATED] ActiveLayoutConfig: 'container_padding' - Use CSS padding instead.
2026-08-05 17:04:55,100 [WARNING] [MainThread] [deprecation/deprecation.py:140]: [DEPRECATED] ActiveLayoutIconsConfig: 'maximised' renamed to 'maximized' - Use 'maximized' instead.
2026-08-05 17:04:55,113 [WARNING] [MainThread] [deprecation/deprecation.py:136]: [DEPRECATED] GalleryConfig: 'lazy_load_delay' - No longer supported and can be removed from the config.
2026-08-05 17:04:55,113 [WARNING] [MainThread] [deprecation/deprecation.py:136]: [DEPRECATED] GalleryConfig: 'enable_cache' - No longer supported and can be removed from the config.
2026-08-05 17:04:55,121 [WARNING] [MainThread] [deprecation/deprecation.py:136]: [DEPRECATED] StackConfig: 'animation' - Use CSS animations instead.
2026-08-05 17:04:55,121 [WARNING] [MainThread] [deprecation/deprecation.py:136]: [DEPRECATED] StackConfig: 'container_shadow' - Use CSS box-shadow instead.
2026-08-05 17:04:55,121 [WARNING] [MainThread] [deprecation/deprecation.py:136]: [DEPRECATED] StackConfig: 'btn_shadow' - Use CSS box-shadow instead.
2026-08-05 17:04:55,121 [WARNING] [MainThread] [deprecation/deprecation.py:136]: [DEPRECATED] StackConfig: 'label_shadow' - Use CSS text-shadow instead.
2026-08-05 17:04:55,123 [WARNING] [MainThread] [deprecation/deprecation.py:136]: [DEPRECATED] ApplicationsWidgetConfig: 'label_shadow' - Use CSS text-shadow instead.
2026-08-05 17:04:55,132 [WARNING] [MainThread] [deprecation/deprecation.py:136]: [DEPRECATED] ClockConfig: 'container_padding' - Use CSS padding instead.
2026-08-05 17:04:55,132 [WARNING] [MainThread] [deprecation/deprecation.py:136]: [DEPRECATED] ClockConfig: 'label_shadow' - Use CSS text-shadow instead.
2026-08-05 17:04:55,168 [WARNING] [MainThread] [deprecation/deprecation.py:136]: [DEPRECATED] WeatherWidgetConfig: 'label_shadow' - Use CSS text-shadow instead.
2026-08-05 17:04:55,200 [WARNING] [MainThread] [deprecation/deprecation.py:136]: [DEPRECATED] MediaWidgetConfig: 'label_shadow' - Use CSS text-shadow instead.
2026-08-05 17:04:55,204 [WARNING] [MainThread] [deprecation/deprecation.py:140]: [DEPRECATED] VolumeConfig: 'volume_icons' renamed to 'icons' - Use 'icons' with the dictionary format instead.
2026-08-05 17:04:55,204 [WARNING] [MainThread] [deprecation/deprecation.py:136]: [DEPRECATED] VolumeConfig: 'label_shadow' - Use CSS text-shadow instead.
2026-08-05 17:04:55,210 [INFO] [MainThread] [root/service.py:52]: AudioOutputService starting...
2026-08-05 17:04:55,238 [WARNING] [MainThread] [deprecation/deprecation.py:136]: [DEPRECATED] CpuConfig: 'label_shadow' - Use CSS text-shadow instead.
2026-08-05 17:04:55,249 [WARNING] [MainThread] [deprecation/deprecation.py:136]: [DEPRECATED] PowerPlanConfig: 'label_shadow' - Use CSS text-shadow instead.
2026-08-05 17:04:55,249 [WARNING] [MainThread] [deprecation/deprecation.py:136]: [DEPRECATED] PowerPlanConfig: 'container_shadow' - Use CSS box-shadow instead.
2026-08-05 17:04:55,565 [INFO] [MainThread] [root/bar_manager.py:103]: Starting KomorebiEventListener...
2026-08-05 17:04:55,566 [INFO] [Dummy-6] [root/event_listener.py:54]: Created named pipe yasb-7d99f9d2-90bd-11f1-8a84-2c9c581268a6
2026-08-05 17:04:55,566 [INFO] [MainThread] [root/watcher.py:65]: Watching directory: c:\users\arvit\.config\yasb
2026-08-05 17:04:55,566 [INFO] [MainThread] [root/watcher.py:104]: Created file watcher
2026-08-05 17:04:55,575 [INFO] [MainThread] [root/update_service.py:434]: Background update checker started
2026-08-05 17:04:55,635 [INFO] [Dummy-6] [root/event_listener.py:147]: Komorebi connected to named pipe: yasb-7d99f9d2-90bd-11f1-8a84-2c9c581268a6
2026-08-05 17:04:56,040 [INFO] [MainThread] [root/api.py:69]: Fetching new weather data at 2026-08-05 17:04:56.040773
2026-08-05 17:05:33,129 [INFO] [MainThread] [root/controller.py:43]: Exiting Application from tray...
2026-08-05 17:05:33,231 [INFO] [MainThread] [cli_server/cli_server.py:114]: Log pipe server stopped
2026-08-05 17:05:33,327 [INFO] [MainThread] [root/bar_manager.py:119]: Stopping KomorebiEventListener...
2026-08-05 17:05:35,046 [INFO] [MainThread] [root/log.py:104]: YASB v2.0.5
2026-08-05 17:05:35,047 [INFO] [CLIPipeServer] [cli_server/cli_server.py:216]: CLI server started v1.1.7
2026-08-05 17:05:35,047 [INFO] [MainThread] [cli_server/cli_server.py:106]: Log pipe server started
2026-08-05 17:05:35,091 [WARNING] [MainThread] [deprecation/deprecation.py:136]: [DEPRECATED] BarAlignment: 'center' - Use 'align' instead.
2026-08-05 17:05:35,091 [WARNING] [MainThread] [deprecation/deprecation.py:136]: [DEPRECATED] BarBlurEffect: 'acrylic' - No longer supported and can be removed from the config.
2026-08-05 17:05:35,132 [WARNING] [MainThread] [deprecation/deprecation.py:136]: [DEPRECATED] KomorebiControlWidgetConfig: 'label_shadow' - Use CSS text-shadow instead.
2026-08-05 17:05:35,133 [WARNING] [MainThread] [deprecation/deprecation.py:136]: [DEPRECATED] KomorebiWorkspacesConfig: 'animation' - Use CSS animations instead.
2026-08-05 17:05:35,133 [WARNING] [MainThread] [deprecation/deprecation.py:136]: [DEPRECATED] KomorebiWorkspacesConfig: 'container_padding' - Use CSS padding instead.
2026-08-05 17:05:35,134 [WARNING] [MainThread] [deprecation/deprecation.py:136]: [DEPRECATED] ActiveLayoutConfig: 'container_padding' - Use CSS padding instead.
2026-08-05 17:05:35,134 [WARNING] [MainThread] [deprecation/deprecation.py:140]: [DEPRECATED] ActiveLayoutIconsConfig: 'maximised' renamed to 'maximized' - Use 'maximized' instead.
2026-08-05 17:05:35,147 [WARNING] [MainThread] [deprecation/deprecation.py:136]: [DEPRECATED] GalleryConfig: 'lazy_load_delay' - No longer supported and can be removed from the config.
2026-08-05 17:05:35,147 [WARNING] [MainThread] [deprecation/deprecation.py:136]: [DEPRECATED] GalleryConfig: 'enable_cache' - No longer supported and can be removed from the config.
2026-08-05 17:05:35,156 [WARNING] [MainThread] [deprecation/deprecation.py:136]: [DEPRECATED] StackConfig: 'animation' - Use CSS animations instead.
2026-08-05 17:05:35,156 [WARNING] [MainThread] [deprecation/deprecation.py:136]: [DEPRECATED] StackConfig: 'container_shadow' - Use CSS box-shadow instead.
2026-08-05 17:05:35,156 [WARNING] [MainThread] [deprecation/deprecation.py:136]: [DEPRECATED] StackConfig: 'btn_shadow' - Use CSS box-shadow instead.
2026-08-05 17:05:35,156 [WARNING] [MainThread] [deprecation/deprecation.py:136]: [DEPRECATED] StackConfig: 'label_shadow' - Use CSS text-shadow instead.
2026-08-05 17:05:35,159 [WARNING] [MainThread] [deprecation/deprecation.py:136]: [DEPRECATED] ApplicationsWidgetConfig: 'label_shadow' - Use CSS text-shadow instead.
2026-08-05 17:05:35,171 [WARNING] [MainThread] [deprecation/deprecation.py:136]: [DEPRECATED] ClockConfig: 'container_padding' - Use CSS padding instead.
2026-08-05 17:05:35,171 [WARNING] [MainThread] [deprecation/deprecation.py:136]: [DEPRECATED] ClockConfig: 'label_shadow' - Use CSS text-shadow instead.
2026-08-05 17:05:35,211 [WARNING] [MainThread] [deprecation/deprecation.py:136]: [DEPRECATED] WeatherWidgetConfig: 'label_shadow' - Use CSS text-shadow instead.
2026-08-05 17:05:35,245 [WARNING] [MainThread] [deprecation/deprecation.py:136]: [DEPRECATED] MediaWidgetConfig: 'label_shadow' - Use CSS text-shadow instead.
2026-08-05 17:05:35,250 [WARNING] [MainThread] [deprecation/deprecation.py:140]: [DEPRECATED] VolumeConfig: 'volume_icons' renamed to 'icons' - Use 'icons' with the dictionary format instead.
2026-08-05 17:05:35,250 [WARNING] [MainThread] [deprecation/deprecation.py:136]: [DEPRECATED] VolumeConfig: 'label_shadow' - Use CSS text-shadow instead.
2026-08-05 17:05:35,258 [INFO] [MainThread] [root/service.py:52]: AudioOutputService starting...
2026-08-05 17:05:35,289 [WARNING] [MainThread] [deprecation/deprecation.py:136]: [DEPRECATED] CpuConfig: 'label_shadow' - Use CSS text-shadow instead.
2026-08-05 17:05:35,304 [WARNING] [MainThread] [deprecation/deprecation.py:136]: [DEPRECATED] PowerPlanConfig: 'label_shadow' - Use CSS text-shadow instead.
2026-08-05 17:05:35,304 [WARNING] [MainThread] [deprecation/deprecation.py:136]: [DEPRECATED] PowerPlanConfig: 'container_shadow' - Use CSS box-shadow instead.
2026-08-05 17:05:35,655 [INFO] [MainThread] [root/bar_manager.py:103]: Starting KomorebiEventListener...
2026-08-05 17:05:35,655 [INFO] [MainThread] [root/watcher.py:65]: Watching directory: c:\users\arvit\.config\yasb
2026-08-05 17:05:35,656 [INFO] [MainThread] [root/watcher.py:104]: Created file watcher
2026-08-05 17:05:35,656 [INFO] [Dummy-7] [root/event_listener.py:54]: Created named pipe yasb-957f2596-90bd-11f1-8a9f-2c9c581268a6
2026-08-05 17:05:35,665 [INFO] [MainThread] [root/update_service.py:434]: Background update checker started
2026-08-05 17:05:35,719 [INFO] [Dummy-7] [root/event_listener.py:147]: Komorebi connected to named pipe: yasb-957f2596-90bd-11f1-8a9f-2c9c581268a6
2026-08-05 17:05:35,867 [INFO] [MainThread] [root/api.py:69]: Fetching new weather data at 2026-08-05 17:05:35.867558
2026-08-05 17:15:35,620 [INFO] [MainThread] [root/api.py:69]: Fetching new weather data at 2026-08-05 17:15:35.620836
2026-08-05 17:25:35,530 [INFO] [MainThread] [root/api.py:69]: Fetching new weather data at 2026-08-05 17:25:35.530400
2026-08-05 17:35:35,540 [INFO] [MainThread] [root/api.py:69]: Fetching new weather data at 2026-08-05 17:35:35.540233
2026-08-05 17:45:35,552 [INFO] [MainThread] [root/api.py:69]: Fetching new weather data at 2026-08-05 17:45:35.552455
2026-08-05 17:55:35,539 [INFO] [MainThread] [root/api.py:69]: Fetching new weather data at 2026-08-05 17:55:35.539048
2026-08-05 18:05:35,560 [INFO] [MainThread] [root/api.py:69]: Fetching new weather data at 2026-08-05 18:05:35.560755
2026-08-05 18:15:35,539 [INFO] [MainThread] [root/api.py:69]: Fetching new weather data at 2026-08-05 18:15:35.539675
2026-08-05 18:25:35,542 [INFO] [MainThread] [root/api.py:69]: Fetching new weather data at 2026-08-05 18:25:35.541973
2026-08-05 18:35:35,563 [INFO] [MainThread] [root/api.py:69]: Fetching new weather data at 2026-08-05 18:35:35.563038
2026-08-05 18:45:35,552 [INFO] [MainThread] [root/api.py:69]: Fetching new weather data at 2026-08-05 18:45:35.551970
2026-08-05 18:55:35,548 [INFO] [MainThread] [root/api.py:69]: Fetching new weather data at 2026-08-05 18:55:35.547999
2026-08-05 19:05:35,539 [INFO] [MainThread] [root/api.py:69]: Fetching new weather data at 2026-08-05 19:05:35.539942
2026-08-05 20:48:31,507 [ERROR] [MainThread] [root/api.py:84]: No internet connection or host not found. Unable to fetch weather.
2026-08-05 20:48:31,507 [WARNING] [MainThread] [root/weather.py:565]: Error processing weather data: Weather data is empty.. Retrying fetch in 10 seconds.
2026-08-05 20:48:41,838 [INFO] [MainThread] [root/api.py:69]: Fetching new weather data at 2026-08-05 20:48:41.838424
2026-08-05 20:58:31,828 [INFO] [MainThread] [root/api.py:69]: Fetching new weather data at 2026-08-05 20:58:31.828295
2026-08-05 21:08:31,817 [INFO] [MainThread] [root/api.py:69]: Fetching new weather data at 2026-08-05 21:08:31.817004
2026-08-05 21:18:31,812 [INFO] [MainThread] [root/api.py:69]: Fetching new weather data at 2026-08-05 21:18:31.812325
2026-08-05 21:28:31,822 [INFO] [MainThread] [root/api.py:69]: Fetching new weather data at 2026-08-05 21:28:31.822925
2026-08-05 21:38:31,852 [INFO] [MainThread] [root/api.py:69]: Fetching new weather data at 2026-08-05 21:38:31.851991
2026-08-05 21:48:31,817 [INFO] [MainThread] [root/api.py:69]: Fetching new weather data at 2026-08-05 21:48:31.817631
2026-08-05 21:58:31,820 [INFO] [MainThread] [root/api.py:69]: Fetching new weather data at 2026-08-05 21:58:31.820965
2026-08-05 22:08:32,122 [INFO] [MainThread] [root/api.py:69]: Fetching new weather data at 2026-08-05 22:08:32.122184
2026-08-05 22:18:31,772 [INFO] [MainThread] [root/api.py:69]: Fetching new weather data at 2026-08-05 22:18:31.772199
2026-08-05 22:28:31,850 [INFO] [MainThread] [root/api.py:69]: Fetching new weather data at 2026-08-05 22:28:31.850152
2026-08-05 22:38:31,825 [INFO] [MainThread] [root/api.py:69]: Fetching new weather data at 2026-08-05 22:38:31.825760
2026-08-05 22:48:31,811 [INFO] [MainThread] [root/api.py:69]: Fetching new weather data at 2026-08-05 22:48:31.811522
2026-08-06 10:06:15,507 [ERROR] [MainThread] [root/api.py:84]: No internet connection or host not found. Unable to fetch weather.
2026-08-06 10:06:15,507 [WARNING] [MainThread] [root/weather.py:565]: Error processing weather data: Weather data is empty.. Retrying fetch in 10 seconds.
2026-08-06 10:06:25,856 [INFO] [MainThread] [root/api.py:69]: Fetching new weather data at 2026-08-06 10:06:25.856895
2026-08-06 10:16:16,861 [INFO] [MainThread] [root/api.py:69]: Fetching new weather data at 2026-08-06 10:16:16.861048
2026-08-06 10:26:16,817 [INFO] [MainThread] [root/api.py:69]: Fetching new weather data at 2026-08-06 10:26:16.817232
2026-08-06 10:36:16,846 [INFO] [MainThread] [root/api.py:69]: Fetching new weather data at 2026-08-06 10:36:16.846084
2026-08-06 10:46:16,835 [INFO] [MainThread] [root/api.py:69]: Fetching new weather data at 2026-08-06 10:46:16.835793
2026-08-06 10:56:16,824 [INFO] [MainThread] [root/api.py:69]: Fetching new weather data at 2026-08-06 10:56:16.824936
2026-08-06 11:06:16,972 [INFO] [MainThread] [root/api.py:69]: Fetching new weather data at 2026-08-06 11:06:16.972749
2026-08-06 17:31:14,507 [ERROR] [MainThread] [root/api.py:84]: No internet connection or host not found. Unable to fetch weather.
2026-08-06 17:31:14,507 [WARNING] [MainThread] [root/weather.py:565]: Error processing weather data: Weather data is empty.. Retrying fetch in 10 seconds.
2026-08-06 17:31:24,821 [INFO] [MainThread] [root/api.py:69]: Fetching new weather data at 2026-08-06 17:31:24.821123
2026-08-06 17:41:14,858 [INFO] [MainThread] [root/api.py:69]: Fetching new weather data at 2026-08-06 17:41:14.858590
2026-08-06 17:51:14,809 [INFO] [MainThread] [root/api.py:69]: Fetching new weather data at 2026-08-06 17:51:14.809933
2026-08-06 18:01:14,819 [INFO] [MainThread] [root/api.py:69]: Fetching new weather data at 2026-08-06 18:01:14.819860
2026-08-06 18:11:14,783 [INFO] [MainThread] [root/api.py:69]: Fetching new weather data at 2026-08-06 18:11:14.783019
2026-08-06 18:21:14,807 [INFO] [MainThread] [root/api.py:69]: Fetching new weather data at 2026-08-06 18:21:14.807465
2026-08-06 18:31:14,888 [INFO] [MainThread] [root/api.py:69]: Fetching new weather data at 2026-08-06 18:31:14.888240
2026-08-06 18:58:29,523 [ERROR] [MainThread] [root/api.py:84]: No internet connection or host not found. Unable to fetch weather.
2026-08-06 18:58:29,523 [WARNING] [MainThread] [root/weather.py:565]: Error processing weather data: Weather data is empty.. Retrying fetch in 10 seconds.
2026-08-06 18:58:39,857 [INFO] [MainThread] [root/api.py:69]: Fetching new weather data at 2026-08-06 18:58:39.857068
2026-08-06 19:08:29,848 [INFO] [MainThread] [root/api.py:69]: Fetching new weather data at 2026-08-06 19:08:29.848506
2026-08-06 19:18:29,929 [INFO] [MainThread] [root/api.py:69]: Fetching new weather data at 2026-08-06 19:18:29.929644
2026-08-06 19:28:29,880 [INFO] [MainThread] [root/api.py:69]: Fetching new weather data at 2026-08-06 19:28:29.880783
2026-08-06 19:38:29,903 [INFO] [MainThread] [root/api.py:69]: Fetching new weather data at 2026-08-06 19:38:29.903500
2026-08-06 19:46:19,383 [INFO] [MainThread] [root/bar_helper.py:594]: AppBarManager need to re-register 1 bar
2026-08-06 19:46:19,660 [INFO] [MainThread] [root/bar_helper.py:603]: Re-registered AppBar for status-bar_XG27AQWMG_6b0a4818 (space reservation + fullscreen)
2026-08-06 19:48:29,871 [INFO] [MainThread] [root/api.py:69]: Fetching new weather data at 2026-08-06 19:48:29.871464
2026-08-06 19:50:26,829 [INFO] [MainThread] [root/bar_helper.py:594]: AppBarManager need to re-register 1 bar
2026-08-06 19:50:26,846 [INFO] [MainThread] [root/bar_helper.py:603]: Re-registered AppBar for status-bar_XG27AQWMG_6b0a4818 (space reservation + fullscreen)
2026-08-06 19:58:29,872 [INFO] [MainThread] [root/api.py:69]: Fetching new weather data at 2026-08-06 19:58:29.872696
